,배달상점ID,업종명,법정동코드,광역시도명,시군구명,법정동명,리명,행정동코드,행정동명,도로명주소코드,도로명주소명
15,S0067047,카페/디저트,4115010600,경기도,의정부시,민락동,\N,4115057600,송산2동,411503181035,용민로
16,S0067048,카페/디저트,4115010600,경기도,의정부시,민락동,\N,4115057800,송산3동,411503181033,오목로
17,S0067049,카페/디저트,4115010400,경기도,의정부시,신곡동,\N,4115056800,신곡2동,411503181049,추동로
18,S0067050,카페/디저트,4115010100,경기도,의정부시,의정부동,\N,4115052000,의정부2동,411503181060,시민로
19,S0067051,카페/디저트,4115010100,경기도,의정부시,의정부동,\N,4115052000,의정부2동,411503181060,시민로
20,S0067052,카페/디저트,4115010100,경기도,의정부시,의정부동,\N,4115051000,의정부1동,411503181052,행복로
21,S0067053,카페/디저트,4115010100,경기도,의정부시,의정부동,\N,4115051000,의정부1동,411503181052,행복로
22,S0067054,카페/디저트,4115010100,경기도,의정부시,의정부동,\N,4115051000,의정부1동,411503181052,행복로
23,S0067055,카페/디저트,4115010900,경기도,의정부시,금오동,\N,4115058000,자금동,411503181047,청사로
77,S0067247,카페/디저트,4115010600,경기도,의정부시,민락동,\N,4115057800,송산3동,411504343540,오목로225번길
78,S0067252,치킨,4115010100,경기도,의정부시,의정부동,\N,4115052000,의정부2동,411503181029,신흥로
79,S0067253,치킨,4115010100,경기도,의정부시,의정부동,\N,4115052000,의정부2동,411503181029,신흥로
80,S0067254,치킨,4115010100,경기도,의정부시,의정부동,\N,4115052000,의정부2동,411503181029,신흥로
84,S0067275,한식,4115010600,경기도,의정부시,민락동,\N,4115057800,송산3동,411504343539,오목로205번길
86,S0067292,카페/디저트,4115010600,경기도,의정부시,민락동,\N,4115057800,송산3동,411503181035,용민로
91,S0067321,분식,4115010500,경기도,의정부시,용현동,\N,4115057300,송산1동,411504343278,오목로19번길
92,S0067323,한식,4115010600,경기도,의정부시,민락동,\N,4115057800,송산3동,411504343540,오목로225번길
93,S0067328,아시안/양식,4115010100,경기도,의정부시,의정부동,\N,4115051000,의정부1동,411504343196,시민로121번길
94,S0067330,아시안/양식,4115010600,경기도,의정부시,민락동,\N,4115057800,송산3동,411504343540,오목로225번길
95,S0067332,치킨,4115010700,경기도,의정부시,낙양동,\N,4115057800,송산3동,411503181035,용민로
96,S0067333,한식,4115010600,경기도,의정부시,민락동,\N,4115057800,송산3동,411504343540,오목로225번길
97,S0067337,치킨,4115010600,경기도,의정부시,민락동,\N,4115057600,송산2동,411503181036,용현로
100,S0067351,분식,4115010600,경기도,의정부시,민락동,\N,4115057800,송산3동,411504343540,오목로225번길
101,S0067356,중식,4115010600,경기도,의정부시,민락동,\N,4115057800,송산3동,411504343540,오목로225번길
102,S0067357,중식,4115010600,경기도,의정부시,민락동,\N,4115057800,송산3동,411504343540,오목로225번길
103,S0067359,한식,4115010500,경기도,의정부시,용현동,\N,4115057300,송산1동,411503181050,충의로
105,S0067368,한식,4115010600,경기도,의정부시,민락동,\N,4115057600,송산2동,411504343282,용민로122번길
107,S0067381,치킨,4115010400,경기도,의정부시,신곡동,\N,4115056800,신곡2동,411504343160,부용로210번길
108,S0067382,치킨,4115010400,경기도,의정부시,신곡동,\N,4115056800,신곡2동,411504343160,부용로210번길
109,S0067383,치킨,4115010400,경기도,의정부시,신곡동,\N,4115056800,신곡2동,411504343160,부용로210번길
110,S0067384,치킨,4115010400,경기도,의정부시,신곡동,\N,4115056800,신곡2동,411504343160,부용로210번길
118,S0067418,치킨,4115010500,경기도,의정부시,용현동,\N,4115057300,송산1동,411504343276,오목로15번길
120,S0067425,족발/보쌈,4115010600,경기도,의정부시,민락동,\N,4115057800,송산3동,411504343540,오목로225번길
121,S0067426,치킨,4115010600,경기도,의정부시,민락동,\N,4115057800,송산3동,411504343540,오목로225번길
125,S0067435,야식,4115010600,경기도,의정부시,민락동,\N,4115057800,송산3동,411504343540,오목로225번길
126,S0067446,치킨,4115010600,경기도,의정부시,민락동,\N,4115057600,송산2동,411504343295,용현로160번길
129,S0067461,분식,4115010600,경기도,의정부시,민락동,\N,4115057800,송산3동,411503181035,용민로
132,S0067470,한식,4115010600,경기도,의정부시,민락동,\N,4115057600,송산2동,411504343538,용민로182번길
133,S0067473,회,4115010700,경기도,의정부시,낙양동,\N,4115057800,송산3동,411503181066,송양로
134,S0067481,치킨,4115010900,경기도,의정부시,금오동,\N,4115058000,자금동,411503181007,금오로
135,S0067482,아시안/양식,4115010600,경기도,의정부시,민락동,\N,4115057800,송산3동,411504343540,오목로225번길
136,S0067483,아시안/양식,4115010600,경기도,의정부시,민락동,\N,4115057800,송산3동,411504343540,오목로225번길
138,S0067495,아시안/양식,4115010600,경기도,의정부시,민락동,\N,4115057800,송산3동,411503181035,용민로
141,S0067508,한식,4115010100,경기도,의정부시,의정부동,\N,4115051000,의정부1동,411504343418,평화로561번길
142,S0067509,한식,4115010100,경기도,의정부시,의정부동,\N,4115051000,의정부1동,411504343418,평화로561번길
143,S0067510,한식,4115010100,경기도,의정부시,의정부동,\N,4115051000,의정부1동,411504343418,평화로561번길
1852,S0069409,족발/보쌈,4115011000,경기도,의정부시,가능동,\N,4115059500,가능동,411504343265,신흥로354번길
1853,S0069410,족발/보쌈,4115011000,경기도,의정부시,가능동,\N,4115059500,가능동,411504343265,신흥로354번길
1854,S0069411,족발/보쌈,4115011000,경기도,의정부시,가능동,\N,4115059500,가능동,411504343265,신흥로354번길
1855,S0069412,한식,4115011000,경기도,의정부시,가능동,\N,4115059500,가능동,411504343022,가능로49번길
1856,S0069413,찜탕,4115010100,경기도,의정부시,의정부동,\N,4115051000,의정부1동,411503181062,태평로
1857,S0069414,야식,4115011000,경기도,의정부시,가능동,\N,4115059500,가능동,411504343309,의정로201번길
1858,S0069416,카페/디저트,4115010100,경기도,의정부시,의정부동,\N,4115051000,의정부1동,411503215066,평화로
1859,S0069421,피자,4115011000,경기도,의정부시,가능동,\N,4115059500,가능동,411503181037,의정로
1860,S0069422,피자,4115011000,경기도,의정부시,가능동,\N,4115059500,가능동,411503181037,의정로
1861,S0069423,피자,4115011000,경기도,의정부시,가능동,\N,4115059500,가능동,411503181037,의정로
1862,S0069424,분식,4115011000,경기도,의정부시,가능동,\N,4115061500,흥선동,411503000136,호국로
1863,S0069425,분식,4115011000,경기도,의정부시,가능동,\N,4115061500,흥선동,411503000136,호국로
1864,S0069426,피자,4115011000,경기도,의정부시,가능동,\N,4115061500,흥선동,411503000136,호국로
1865,S0069427,찜탕,4115011000,경기도,의정부시,가능동,\N,4115059500,가능동,411503181002,가능로
1866,S0069428,돈까스/일식,4115011000,경기도,의정부시,가능동,\N,4115059500,가능동,411503181002,가능로
1867,S0069429,한식,4115010100,경기도,의정부시,의정부동,\N,4115059500,가능동,411503181002,가능로
1868,S0069430,한식,4115010100,경기도,의정부시,의정부동,\N,4115059500,가능동,411503181002,가능로
1869,S0069431,한식,4115010100,경기도,의정부시,의정부동,\N,4115059500,가능동,411503181002,가능로
1870,S0069432,한식,4115010100,경기도,의정부시,의정부동,\N,4115059500,가능동,411503181002,가능로
1871,S0069433,카페/디저트,4115011000,경기도,의정부시,가능동,\N,4115059500,가능동,411503181002,가능로
1872,S0069434,배달전문업체,4115011000,경기도,의정부시,가능동,\N,4115059500,가능동,411504343030,가능로97번길
1873,S0069435,치킨,4115011000,경기도,의정부시,가능동,\N,4115059500,가능동,411504343232,신촌로29번길
1874,S0069436,치킨,4115011000,경기도,의정부시,가능동,\N,4115059500,가능동,411504343232,신촌로29번길
1875,S0069437,한식,4115011000,경기도,의정부시,가능동,\N,4115061500,흥선동,411503181057,흥선로
1876,S0069438,한식,4115011000,경기도,의정부시,가능동,\N,4115051000,의정부1동,411503215066,평화로
1877,S0069439,한식,4115011000,경기도,의정부시,가능동,\N,4115051000,의정부1동,411503215066,평화로
1878,S0069440,한식,4115011000,경기도,의정부시,가능동,\N,4115051000,의정부1동,411503215066,평화로
1879,S0069443,피자,4115010100,경기도,의정부시,의정부동,\N,4115051000,의정부1동,411503215066,평화로
1880,S0069444,분식,4115010100,경기도,의정부시,의정부동,\N,4115051000,의정부1동,411503215066,평화로
1881,S0069445,분식,4115010100,경기도,의정부시,의정부동,\N,4115051000,의정부1동,411503215066,평화로
1882,S0069446,분식,4115010100,경기도,의정부시,의정부동,\N,4115051000,의정부1동,411503215066,평화로
1883,S0069447,분식,4115010100,경기도,의정부시,의정부동,\N,4115051000,의정부1동,411503215066,평화로
1884,S0069448,분식,4115010100,경기도,의정부시,의정부동,\N,4115051000,의정부1동,411503215066,평화로
1885,S0069449,한식,4115010100,경기도,의정부시,의정부동,\N,4115051000,의정부1동,411503181062,태평로
1886,S0069450,한식,4115010100,경기도,의정부시,의정부동,\N,4115051000,의정부1동,411503181062,태평로
1887,S0069451,한식,4115010100,경기도,의정부시,의정부동,\N,4115051000,의정부1동,411503181062,태평로
1888,S0069452,한식,4115010100,경기도,의정부시,의정부동,\N,4115051000,의정부1동,411503181062,태평로
1889,S0069453,한식,4115010100,경기도,의정부시,의정부동,\N,4115051000,의정부1동,411503215066,평화로
1890,S0069455,중식,4115010100,경기도,의정부시,의정부동,\N,4115059500,가능동,411503181002,가능로
1891,S0069456,치킨,4115010100,경기도,의정부시,의정부동,\N,4115059500,가능동,411503181002,가능로
1892,S0069457,치킨,4115010100,경기도,의정부시,의정부동,\N,4115059500,가능동,411503181002,가능로
1893,S0069458,치킨,4115010100,경기도,의정부시,의정부동,\N,4115059500,가능동,411503181002,가능로
1894,S0069459,치킨,4115011000,경기도,의정부시,가능동,\N,4115059500,가능동,411504343232,신촌로29번길
1895,S0069460,치킨,4115011000,경기도,의정부시,가능동,\N,4115059500,가능동,411504343232,신촌로29번길
1896,S0069461,치킨,4115011000,경기도,의정부시,가능동,\N,4115059500,가능동,411504343232,신촌로29번길
1897,S0069462,한식,4115010100,경기도,의정부시,의정부동,\N,4115059500,가능동,411504343031,가능로98번길
1898,S0069464,야식,4115011000,경기도,의정부시,가능동,\N,4115059500,가능동,411504343265,신흥로354번길
1899,S0069465,피자,4115011000,경기도,의정부시,가능동,\N,4115059500,가능동,411504343030,가능로97번길
1900,S0069466,피자,4115011000,경기도,의정부시,가능동,\N,4115059500,가능동,411504343030,가능로97번길
1901,S0069467,피자,4115011000,경기도,의정부시,가능동,\N,4115059500,가능동,411504343030,가능로97번길
1902,S0069468,피자,4115011000,경기도,의정부시,가능동,\N,4115059500,가능동,411504343030,가능로97번길
1903,S0069469,피자,4115011000,경기도,의정부시,가능동,\N,4115061500,흥선동,411504343441,호국로1111번길
1904,S0069470,피자,4115011000,경기도,의정부시,가능동,\N,4115061500,흥선동,411504343441,호국로1111번길
1905,S0069473,야식,4115011000,경기도,의정부시,가능동,\N,4115061500,흥선동,411503181057,흥선로
1906,S0069474,야식,4115011000,경기도,의정부시,가능동,\N,4115061500,흥선동,411503181057,흥선로
1907,S0069475,야식,4115011000,경기도,의정부시,가능동,\N,4115061500,흥선동,411503181057,흥선로
1908,S0069476,분식,4115010100,경기도,의정부시,의정부동,\N,4115051000,의정부1동,411503215066,평화로
1909,S0069480,야식,4115010100,경기도,의정부시,의정부동,\N,4115051000,의정부1동,411503181002,가능로
1910,S0069481,야식,4115010100,경기도,의정부시,의정부동,\N,4115051000,의정부1동,411503181002,가능로
1911,S0069482,야식,4115010100,경기도,의정부시,의정부동,\N,4115051000,의정부1동,411503181002,가능로
1912,S0069483,족발/보쌈,4115011000,경기도,의정부시,가능동,\N,4115059500,가능동,411504343008,가능로119번길
1913,S0069484,족발/보쌈,4115011000,경기도,의정부시,가능동,\N,4115059500,가능동,411504343265,신흥로354번길
1914,S0069485,야식,4115011000,경기도,의정부시,가능동,\N,4115059500,가능동,411504343231,신촌로17번길
1915,S0069486,야식,4115011000,경기도,의정부시,가능동,\N,4115059500,가능동,411504343231,신촌로17번길
1916,S0069487,야식,4115011000,경기도,의정부시,가능동,\N,4115059500,가능동,411504343231,신촌로17번길
1917,S0069488,야식,4115011000,경기도,의정부시,가능동,\N,4115059500,가능동,411504343231,신촌로17번길
1918,S0069489,야식,4115010600,경기도,의정부시,민락동,\N,4115057800,송산3동,411503181035,용민로
1919,S0069490,야식,4115011000,경기도,의정부시,가능동,\N,4115059500,가능동,411504343231,신촌로17번길
1923,S0069497,찜탕,4115010400,경기도,의정부시,신곡동,\N,4115056800,신곡2동,411504343355,추동로92번길
1926,S0069506,한식,4115011000,경기도,의정부시,가능동,\N,4115059500,가능동,411503181029,신흥로
1927,S0069513,족발/보쌈,4115010900,경기도,의정부시,금오동,\N,4115058000,자금동,411504343342,청사로47번길
1928,S0069514,족발/보쌈,4115010900,경기도,의정부시,금오동,\N,4115058000,자금동,411504343342,청사로47번길
1931,S0069532,피자,4115010100,경기도,의정부시,의정부동,\N,4115051000,의정부1동,411504343198,시민로131번길
1932,S0069533,피자,4115010100,경기도,의정부시,의정부동,\N,4115051000,의정부1동,411504343198,시민로131번길
1948,S0069577,치킨,4115010900,경기도,의정부시,금오동,\N,4115058000,자금동,411503181051,하금로
1949,S0069578,족발/보쌈,4115010900,경기도,의정부시,금오동,\N,4115058000,자금동,411503181019,부용로
1950,S0069579,족발/보쌈,4115010900,경기도,의정부시,금오동,\N,4115058000,자금동,411503181019,부용로
1951,S0069580,치킨,4115010900,경기도,의정부시,금오동,\N,4115058000,자금동,411503181019,부용로
1952,S0069581,야식,4115010900,경기도,의정부시,금오동,\N,4115058000,자금동,411504343342,청사로47번길
1953,S0069582,야식,4115010900,경기도,의정부시,금오동,\N,4115058000,자금동,411504343342,청사로47번길
1954,S0069583,야식,4115010900,경기도,의정부시,금오동,\N,4115058000,자금동,411504343342,청사로47번길
1955,S0069584,야식,4115010900,경기도,의정부시,금오동,\N,4115058000,자금동,411504343342,청사로47번길
1956,S0069585,야식,4115010900,경기도,의정부시,금오동,\N,4115058000,자금동,411504343342,청사로47번길
1957,S0069586,야식,4115010900,경기도,의정부시,금오동,\N,4115058000,자금동,411504343342,청사로47번길
1958,S0069593,치킨,4115010900,경기도,의정부시,금오동,\N,4115058000,자금동,411504343035,거북로6번길
1959,S0069594,치킨,4115010900,경기도,의정부시,금오동,\N,4115058000,자금동,411504343035,거북로6번길
1960,S0069595,한식,4115010900,경기도,의정부시,금오동,\N,4115058000,자금동,411504343164,부용로95번길
1961,S0069596,한식,4115010900,경기도,의정부시,금오동,\N,4115058000,자금동,411504343164,부용로95번길
1962,S0069597,한식,4115010900,경기도,의정부시,금오동,\N,4115058000,자금동,411504343164,부용로95번길
1963,S0069598,치킨,4115010900,경기도,의정부시,금오동,\N,4115058000,자금동,411504343342,청사로47번길
1964,S0069599,치킨,4115010900,경기도,의정부시,금오동,\N,4115058000,자금동,411504343342,청사로47번길
1965,S0069600,치킨,4115010900,경기도,의정부시,금오동,\N,4115058000,자금동,411504343342,청사로47번길
1966,S0069601,치킨,4115010900,경기도,의정부시,금오동,\N,4115058000,자금동,411504343342,청사로47번길
1967,S0069602,치킨,4115010900,경기도,의정부시,금오동,\N,4115058000,자금동,411504343342,청사로47번길
1968,S0069603,치킨,4115010900,경기도,의정부시,금오동,\N,4115058000,자금동,411504343342,청사로47번길
1969,S0069604,치킨,4115010900,경기도,의정부시,금오동,\N,4115058000,자금동,411504343342,청사로47번길
1970,S0069605,치킨,4115010900,경기도,의정부시,금오동,\N,4115058000,자금동,411504343342,청사로47번길
1971,S0069606,찜탕,4115010900,경기도,의정부시,금오동,\N,4115058000,자금동,411504343164,부용로95번길
1972,S0069607,찜탕,4115010900,경기도,의정부시,금오동,\N,4115058000,자금동,411504343164,부용로95번길
1973,S0069608,찜탕,4115010900,경기도,의정부시,금오동,\N,4115058000,자금동,411504343164,부용로95번길
1974,S0069609,찜탕,4115010900,경기도,의정부시,금오동,\N,4115058000,자금동,411504343164,부용로95번길
1975,S0069610,찜탕,4115010900,경기도,의정부시,금오동,\N,4115058000,자금동,411504343164,부용로95번길
1976,S0069611,카페/디저트,4115010900,경기도,의정부시,금오동,\N,4115058000,자금동,411503181047,청사로
1977,S0069612,도시락,4115010900,경기도,의정부시,금오동,\N,4115058000,자금동,411504343164,부용로95번길
1978,S0069613,도시락,4115010900,경기도,의정부시,금오동,\N,4115058000,자금동,411504343164,부용로95번길
1979,S0069614,도시락,4115010900,경기도,의정부시,금오동,\N,4115058000,자금동,411504343164,부용로95번길
1980,S0069615,도시락,4115010900,경기도,의정부시,금오동,\N,4115058000,자금동,411504343164,부용로95번길
1981,S0069616,도시락,4115010900,경기도,의정부시,금오동,\N,4115058000,자금동,411504343164,부용로95번길
1982,S0069617,치킨,4115010400,경기도,의정부시,신곡동,\N,4115056800,신곡2동,411504343355,추동로92번길
1983,S0069618,치킨,4115010400,경기도,의정부시,신곡동,\N,4115056800,신곡2동,411504343355,추동로92번길
1984,S0069619,치킨,4115010400,경기도,의정부시,신곡동,\N,4115056800,신곡2동,411504343355,추동로92번길
1985,S0069620,치킨,4115010400,경기도,의정부시,신곡동,\N,4115056800,신곡2동,411504343355,추동로92번길
1986,S0069621,치킨,4115010400,경기도,의정부시,신곡동,\N,4115056800,신곡2동,411504343355,추동로92번길
1987,S0069622,치킨,4115010400,경기도,의정부시,신곡동,\N,4115056800,신곡2동,411504343355,추동로92번길
1988,S0069623,피자,4115010400,경기도,의정부시,신곡동,\N,4115056800,신곡2동,411504343344,청사로5번길
1989,S0069624,피자,4115010400,경기도,의정부시,신곡동,\N,4115056800,신곡2동,411504343344,청사로5번길
1990,S0069625,피자,4115010400,경기도,의정부시,신곡동,\N,4115056800,신곡2동,411504343344,청사로5번길
1991,S0069626,카페/디저트,4115010100,경기도,의정부시,의정부동,\N,4115051000,의정부1동,411503000001,동일로
1992,S0069627,카페/디저트,4115010100,경기도,의정부시,의정부동,\N,4115051000,의정부1동,411503000001,동일로
1993,S0069628,찜탕,4115010900,경기도,의정부시,금오동,\N,4115058000,자금동,411504343164,부용로95번길
1994,S0069632,돈까스/일식,4115010900,경기도,의정부시,금오동,\N,4115058000,자금동,411503181007,금오로
1995,S0069633,돈까스/일식,4115010900,경기도,의정부시,금오동,\N,4115058000,자금동,411503181007,금오로
1996,S0069634,돈까스/일식,4115010900,경기도,의정부시,금오동,\N,4115058000,자금동,411503181007,금오로
1997,S0069635,돈까스/일식,4115010900,경기도,의정부시,금오동,\N,4115058000,자금동,411503181007,금오로
1998,S0069636,돈까스/일식,4115010900,경기도,의정부시,금오동,\N,4115058000,자금동,411503181007,금오로
1999,S0069637,돈까스/일식,4115010900,경기도,의정부시,금오동,\N,4115058000,자금동,411503181007,금오로
2000,S0069638,돈까스/일식,4115010900,경기도,의정부시,금오동,\N,4115058000,자금동,411503181007,금오로
2001,S0069641,카페/디저트,4115010900,경기도,의정부시,금오동,\N,4115058000,자금동,411503000001,동일로
2002,S0069642,카페/디저트,4115010900,경기도,의정부시,금오동,\N,4115058000,자금동,411503000001,동일로
2003,S0069643,야식,4115010900,경기도,의정부시,금오동,\N,4115058000,자금동,411503181019,부용로
2004,S0069644,야식,4115010900,경기도,의정부시,금오동,\N,4115058000,자금동,411503181019,부용로
2005,S0069645,야식,4115010900,경기도,의정부시,금오동,\N,4115058000,자금동,411503181019,부용로
2006,S0069646,야식,4115010900,경기도,의정부시,금오동,\N,4115058000,자금동,411503181019,부용로
2007,S0069647,야식,4115010900,경기도,의정부시,금오동,\N,4115058000,자금동,411503181019,부용로
2008,S0069648,치킨,4115010900,경기도,의정부시,금오동,\N,4115058000,자금동,411504343342,청사로47번길
2009,S0069649,치킨,4115010900,경기도,의정부시,금오동,\N,4115058000,자금동,411504343342,청사로47번길
2010,S0069650,치킨,4115010900,경기도,의정부시,금오동,\N,4115058000,자금동,411504343342,청사로47번길
2011,S0069651,치킨,4115010900,경기도,의정부시,금오동,\N,4115058000,자금동,411504343342,청사로47번길
2012,S0069652,치킨,4115010900,경기도,의정부시,금오동,\N,4115058000,자금동,411504343342,청사로47번길
2013,S0069653,치킨,4115010900,경기도,의정부시,금오동,\N,4115058000,자금동,411504343342,청사로47번길
2014,S0069654,치킨,4115010900,경기도,의정부시,금오동,\N,4115058000,자금동,411504343342,청사로47번길
2015,S0069655,치킨,4115010900,경기도,의정부시,금오동,\N,4115058000,자금동,411504343342,청사로47번길
2016,S0069656,돈까스/일식,4115010900,경기도,의정부시,금오동,\N,4115058000,자금동,\N,\N
2017,S0069657,돈까스/일식,4115010900,경기도,의정부시,금오동,\N,4115058000,자금동,\N,\N
2018,S0069658,돈까스/일식,4115010900,경기도,의정부시,금오동,\N,4115058000,자금동,\N,\N
2019,S0069659,돈까스/일식,4115010900,경기도,의정부시,금오동,\N,4115058000,자금동,\N,\N
2020,S0069660,한식,4115010900,경기도,의정부시,금오동,\N,4115058000,자금동,411504343342,청사로47번길
2021,S0069661,한식,4115010900,경기도,의정부시,금오동,\N,4115058000,자금동,411504343342,청사로47번길
2022,S0069662,한식,4115010900,경기도,의정부시,금오동,\N,4115058000,자금동,411504343342,청사로47번길
2023,S0069663,치킨,4115010900,경기도,의정부시,금오동,\N,4115058000,자금동,411504343342,청사로47번길
2024,S0069664,치킨,4115010900,경기도,의정부시,금오동,\N,4115058000,자금동,411504343342,청사로47번길
2025,S0069668,족발/보쌈,4115010900,경기도,의정부시,금오동,\N,4115058000,자금동,411503181019,부용로
2026,S0069669,족발/보쌈,4115010900,경기도,의정부시,금오동,\N,4115058000,자금동,411503181019,부용로
2027,S0069670,족발/보쌈,4115010900,경기도,의정부시,금오동,\N,4115058000,자금동,411503181019,부용로
2028,S0069671,족발/보쌈,4115010900,경기도,의정부시,금오동,\N,4115058000,자금동,411503181019,부용로
2029,S0069672,족발/보쌈,4115010900,경기도,의정부시,금오동,\N,4115058000,자금동,411503181019,부용로
2030,S0069677,찜탕,4115010900,경기도,의정부시,금오동,\N,4115058000,자금동,411503181019,부용로
2031,S0069678,찜탕,4115010900,경기도,의정부시,금오동,\N,4115058000,자금동,411503181019,부용로
2032,S0069679,찜탕,4115010900,경기도,의정부시,금오동,\N,4115058000,자금동,411503181019,부용로
2033,S0069680,찜탕,4115010900,경기도,의정부시,금오동,\N,4115058000,자금동,411503181019,부용로
2034,S0069681,찜탕,4115010900,경기도,의정부시,금오동,\N,4115058000,자금동,411503181019,부용로
2035,S0069682,찜탕,4115010900,경기도,의정부시,금오동,\N,4115058000,자금동,411503181019,부용로
2036,S0069683,치킨,4115010900,경기도,의정부시,금오동,\N,4115058000,자금동,411504343435,하금로4번길
2037,S0069684,족발/보쌈,4115010400,경기도,의정부시,신곡동,\N,4115056800,신곡2동,411503181039,장곡로
2038,S0069685,족발/보쌈,4115010400,경기도,의정부시,신곡동,\N,4115056800,신곡2동,411503181039,장곡로
2039,S0069686,족발/보쌈,4115010400,경기도,의정부시,신곡동,\N,4115056800,신곡2동,411503181039,장곡로
2040,S0069689,족발/보쌈,4115010900,경기도,의정부시,금오동,\N,4115058000,자금동,411504343342,청사로47번길
2041,S0069690,중식,4115010900,경기도,의정부시,금오동,\N,4115058000,자금동,411504343342,청사로47번길
2042,S0069691,중식,4115010900,경기도,의정부시,금오동,\N,4115058000,자금동,411504343342,청사로47번길
2043,S0069692,중식,4115010900,경기도,의정부시,금오동,\N,4115058000,자금동,411504343342,청사로47번길
2044,S0069693,중식,4115010900,경기도,의정부시,금오동,\N,4115058000,자금동,411504343342,청사로47번길
2045,S0069694,중식,4115010900,경기도,의정부시,금오동,\N,4115058000,자금동,411504343342,청사로47번길
2046,S0069695,중식,4115010900,경기도,의정부시,금오동,\N,4115058000,자금동,411504343342,청사로47번길
2047,S0069696,중식,4115010900,경기도,의정부시,금오동,\N,4115058000,자금동,411504343342,청사로47번길
2048,S0069697,중식,4115010900,경기도,의정부시,금오동,\N,4115058000,자금동,411504343342,청사로47번길
2049,S0069698,중식,4115010900,경기도,의정부시,금오동,\N,4115058000,자금동,411504343342,청사로47번길
2050,S0069699,중식,4115010900,경기도,의정부시,금오동,\N,4115058000,자금동,411504343342,청사로47번길
2051,S0069700,중식,4115010900,경기도,의정부시,금오동,\N,4115058000,자금동,411504343342,청사로47번길
2052,S0069704,치킨,4115010400,경기도,의정부시,신곡동,\N,4115056800,신곡2동,411503181019,부용로
2053,S0069705,치킨,4115010400,경기도,의정부시,신곡동,\N,4115056800,신곡2동,411503181019,부용로
2054,S0069706,치킨,4115010400,경기도,의정부시,신곡동,\N,4115056800,신곡2동,411503181019,부용로
2055,S0069707,치킨,4115010400,경기도,의정부시,신곡동,\N,4115056800,신곡2동,411503181019,부용로
2056,S0069708,피자,4115010400,경기도,의정부시,신곡동,\N,4115056800,신곡2동,411504343327,장곡로596번길
2057,S0069709,피자,4115010400,경기도,의정부시,신곡동,\N,4115056800,신곡2동,411504343327,장곡로596번길
2058,S0069710,피자,4115010400,경기도,의정부시,신곡동,\N,4115056800,신곡2동,411504343327,장곡로596번길
2059,S0069711,피자,4115010400,경기도,의정부시,신곡동,\N,4115056800,신곡2동,411504343327,장곡로596번길
2060,S0069712,피자,4115010900,경기도,의정부시,금오동,\N,4115058000,자금동,411503181019,부용로
2061,S0069713,피자,4115010900,경기도,의정부시,금오동,\N,4115058000,자금동,411503181019,부용로
2062,S0069714,피자,4115010900,경기도,의정부시,금오동,\N,4115058000,자금동,411503181019,부용로
2063,S0069715,피자,4115010900,경기도,의정부시,금오동,\N,4115058000,자금동,411503181019,부용로
2064,S0069716,피자,4115010900,경기도,의정부시,금오동,\N,4115058000,자금동,411503181019,부용로
2065,S0069718,카페/디저트,4115010400,경기도,의정부시,신곡동,\N,4115056800,신곡2동,411504343348,추동로124번길
2066,S0069719,카페/디저트,4115010400,경기도,의정부시,신곡동,\N,4115056800,신곡2동,411504343348,추동로124번길
2067,S0069720,치킨,4115010900,경기도,의정부시,금오동,\N,4115058000,자금동,411503181007,금오로
2068,S0069721,치킨,4115010900,경기도,의정부시,금오동,\N,4115058000,자금동,411503181007,금오로
2069,S0069722,치킨,4115010900,경기도,의정부시,금오동,\N,4115058000,자금동,411503181007,금오로
2070,S0069723,한식,4115010400,경기도,의정부시,신곡동,\N,4115056800,신곡2동,411504343355,추동로92번길
2071,S0069724,한식,4115010400,경기도,의정부시,신곡동,\N,4115056800,신곡2동,411504343355,추동로92번길
2072,S0069725,한식,4115010400,경기도,의정부시,신곡동,\N,4115056800,신곡2동,411504343355,추동로92번길
2073,S0069726,돈까스/일식,4115010900,경기도,의정부시,금오동,\N,4115058000,자금동,411503181019,부용로
2075,S0069735,치킨,4115010100,경기도,의정부시,의정부동,\N,4115051000,의정부1동,411504343413,평화로504번길
2076,S0069736,치킨,4115010100,경기도,의정부시,의정부동,\N,4115051000,의정부1동,411504343413,평화로504번길
2077,S0069737,치킨,4115010100,경기도,의정부시,의정부동,\N,4115051000,의정부1동,411504343413,평화로504번길
2091,S0069759,치킨,4115010600,경기도,의정부시,민락동,\N,4115057800,송산3동,411503181035,용민로
2092,S0069760,치킨,4115010600,경기도,의정부시,민락동,\N,4115057800,송산3동,411503181035,용민로
2093,S0069761,치킨,4115010600,경기도,의정부시,민락동,\N,4115057800,송산3동,411503181035,용민로
2094,S0069762,치킨,4115010600,경기도,의정부시,민락동,\N,4115057800,송산3동,411503181035,용민로
2095,S0069766,카페/디저트,4115010600,경기도,의정부시,민락동,\N,4115057800,송산3동,411503181035,용민로
2096,S0069767,치킨,4115010600,경기도,의정부시,민락동,\N,4115057800,송산3동,411503181035,용민로
2097,S0069768,회,4115010700,경기도,의정부시,낙양동,\N,4115057800,송산3동,411503181066,송양로
2098,S0069769,회,4115010700,경기도,의정부시,낙양동,\N,4115057800,송산3동,411503181066,송양로
2099,S0069771,치킨,4115010700,경기도,의정부시,낙양동,\N,4115057800,송산3동,411503181013,민락로
2100,S0069772,아시안/양식,4115010600,경기도,의정부시,민락동,\N,4115057800,송산3동,411503181035,용민로
2101,S0069773,아시안/양식,4115010600,경기도,의정부시,민락동,\N,4115057800,송산3동,411503181035,용민로
2102,S0069774,아시안/양식,4115010600,경기도,의정부시,민락동,\N,4115057800,송산3동,411503181035,용민로
2103,S0069775,아시안/양식,4115010600,경기도,의정부시,민락동,\N,4115057800,송산3동,411503181035,용민로
2104,S0069776,분식,4115010700,경기도,의정부시,낙양동,\N,4115057800,송산3동,411503181035,용민로
2105,S0069777,돈까스/일식,4115010600,경기도,의정부시,민락동,\N,4115057800,송산3동,411503181035,용민로
2106,S0069778,돈까스/일식,4115010600,경기도,의정부시,민락동,\N,4115057800,송산3동,411503181035,용민로
2107,S0069779,돈까스/일식,4115010600,경기도,의정부시,민락동,\N,4115057800,송산3동,411503181035,용민로
2108,S0069780,돈까스/일식,4115010600,경기도,의정부시,민락동,\N,4115057800,송산3동,411503181035,용민로
2109,S0069781,치킨,4115010600,경기도,의정부시,민락동,\N,4115057800,송산3동,411503181035,용민로
2110,S0069782,치킨,4115010600,경기도,의정부시,민락동,\N,4115057800,송산3동,411503181035,용민로
2111,S0069783,치킨,4115010600,경기도,의정부시,민락동,\N,4115057800,송산3동,411503181035,용민로
2112,S0069784,치킨,4115010600,경기도,의정부시,민락동,\N,4115057800,송산3동,411503181035,용민로
2113,S0069785,치킨,4115010600,경기도,의정부시,민락동,\N,4115057800,송산3동,411503181035,용민로
2114,S0069786,치킨,4115010600,경기도,의정부시,민락동,\N,4115057800,송산3동,411503181035,용민로
2115,S0069787,도시락,4115010700,경기도,의정부시,낙양동,\N,4115057800,송산3동,411503181066,송양로
2116,S0069788,도시락,4115010700,경기도,의정부시,낙양동,\N,4115057800,송산3동,411503181066,송양로
2117,S0069789,도시락,4115010700,경기도,의정부시,낙양동,\N,4115057800,송산3동,411503181066,송양로
2118,S0069790,한식,4115010400,경기도,의정부시,신곡동,\N,4115056800,신곡2동,411504343351,추동로1번길
2119,S0069791,한식,4115010400,경기도,의정부시,신곡동,\N,4115056800,신곡2동,411504343351,추동로1번길
2123,S0069803,치킨,4115011100,경기도,의정부시,녹양동,\N,4115062000,녹양동,411503181048,체육로
2124,S0069804,한식,4115011100,경기도,의정부시,녹양동,\N,4115062000,녹양동,411503181048,체육로
2125,S0069805,치킨,4115011100,경기도,의정부시,녹양동,\N,4115062000,녹양동,411503181020,비우로
2126,S0069806,치킨,4115011100,경기도,의정부시,녹양동,\N,4115062000,녹양동,411503181020,비우로
2127,S0069807,치킨,4115011100,경기도,의정부시,녹양동,\N,4115062000,녹양동,411503181020,비우로
2128,S0069808,치킨,4115011100,경기도,의정부시,녹양동,\N,4115062000,녹양동,411503181020,비우로
2129,S0069809,치킨,4115011100,경기도,의정부시,녹양동,\N,4115062000,녹양동,411503181020,비우로
2130,S0069810,도시락,4115011100,경기도,의정부시,녹양동,\N,4115062000,녹양동,411504343169,비우로92번길
2131,S0069811,패스트푸드,4115011100,경기도,의정부시,녹양동,\N,4115062000,녹양동,\N,\N
2132,S0069812,패스트푸드,4115011100,경기도,의정부시,녹양동,\N,4115062000,녹양동,\N,\N
2133,S0069813,패스트푸드,4115011100,경기도,의정부시,녹양동,\N,4115062000,녹양동,\N,\N
2134,S0069814,분식,4115011100,경기도,의정부시,녹양동,\N,4115062000,녹양동,411503181048,체육로
2135,S0069815,분식,4115011100,경기도,의정부시,녹양동,\N,4115062000,녹양동,411503181048,체육로
2136,S0069819,중식,4115011100,경기도,의정부시,녹양동,\N,4115062000,녹양동,411503181045,진등로
2137,S0069820,중식,4115011100,경기도,의정부시,녹양동,\N,4115062000,녹양동,411503181045,진등로
2138,S0069821,중식,4115011100,경기도,의정부시,녹양동,\N,4115062000,녹양동,411503181045,진등로
2139,S0069822,중식,4115011100,경기도,의정부시,녹양동,\N,4115062000,녹양동,411503181045,진등로
2140,S0069823,중식,4115011100,경기도,의정부시,녹양동,\N,4115062000,녹양동,411503181045,진등로
2141,S0069824,찜탕,4115011100,경기도,의정부시,녹양동,\N,4115062000,녹양동,411503181008,녹양로
2142,S0069825,찜탕,4115011100,경기도,의정부시,녹양동,\N,4115062000,녹양동,411503181008,녹양로
2143,S0069829,치킨,4115011000,경기도,의정부시,가능동,\N,4115059500,가능동,411503181008,녹양로
2144,S0069842,치킨,4115011000,경기도,의정부시,가능동,\N,4115061500,흥선동,411504343120,둔야로58번길
2145,S0069843,치킨,4115011000,경기도,의정부시,가능동,\N,4115061500,흥선동,411504343120,둔야로58번길
2146,S0069844,치킨,4115011000,경기도,의정부시,가능동,\N,4115061500,흥선동,411504343120,둔야로58번길
2158,S0069878,피자,4115011000,경기도,의정부시,가능동,\N,4115061500,흥선동,411503181010,둔야로
2159,S0069879,피자,4115011000,경기도,의정부시,가능동,\N,4115061500,흥선동,411503181010,둔야로
2160,S0069880,피자,4115011000,경기도,의정부시,가능동,\N,4115061500,흥선동,411503181010,둔야로
2161,S0069881,피자,4115011000,경기도,의정부시,가능동,\N,4115061500,흥선동,411503181010,둔야로
2162,S0069882,피자,4115011000,경기도,의정부시,가능동,\N,4115061500,흥선동,411503181010,둔야로
2168,S0069898,한식,4115010400,경기도,의정부시,신곡동,\N,4115056700,신곡1동,411503181014,발곡로
2169,S0069906,카페/디저트,4115010400,경기도,의정부시,신곡동,\N,4115056800,신곡2동,411503181039,장곡로
2170,S0069907,족발/보쌈,4115010400,경기도,의정부시,신곡동,\N,4115056800,신곡2동,411504343350,추동로19번길
2171,S0069908,한식,4115010400,경기도,의정부시,신곡동,\N,4115056800,신곡2동,411504343353,추동로5번길
2172,S0069909,한식,4115010400,경기도,의정부시,신곡동,\N,4115056800,신곡2동,411504343353,추동로5번길
2173,S0069910,한식,4115010400,경기도,의정부시,신곡동,\N,4115056800,신곡2동,411504343353,추동로5번길
2174,S0069911,한식,4115010400,경기도,의정부시,신곡동,\N,4115056800,신곡2동,411504343353,추동로5번길
2175,S0069912,한식,4115010400,경기도,의정부시,신곡동,\N,4115056800,신곡2동,411504343353,추동로5번길
2176,S0069913,한식,4115010400,경기도,의정부시,신곡동,\N,4115056800,신곡2동,411504343353,추동로5번길
2177,S0069914,찜탕,4115010400,경기도,의정부시,신곡동,\N,4115056800,신곡2동,411504343351,추동로1번길
2178,S0069915,분식,4115010400,경기도,의정부시,신곡동,\N,4115056800,신곡2동,411503181049,추동로
2179,S0069916,분식,4115010400,경기도,의정부시,신곡동,\N,4115056800,신곡2동,411503181049,추동로
2180,S0069917,분식,4115010400,경기도,의정부시,신곡동,\N,4115056800,신곡2동,411503181049,추동로
2181,S0069919,족발/보쌈,4115010400,경기도,의정부시,신곡동,\N,4115056800,신곡2동,\N,\N
2182,S0069920,족발/보쌈,4115010400,경기도,의정부시,신곡동,\N,4115056800,신곡2동,\N,\N
2183,S0069921,족발/보쌈,4115010400,경기도,의정부시,신곡동,\N,4115056800,신곡2동,\N,\N
2184,S0069925,찜탕,4115010400,경기도,의정부시,신곡동,\N,4115056800,신곡2동,411504343351,추동로1번길
2185,S0069926,찜탕,4115010400,경기도,의정부시,신곡동,\N,4115056800,신곡2동,411504343351,추동로1번길
2186,S0069928,족발/보쌈,4115010400,경기도,의정부시,신곡동,\N,4115056800,신곡2동,411504343353,추동로5번길
2187,S0069929,족발/보쌈,4115010400,경기도,의정부시,신곡동,\N,4115056800,신곡2동,411504343353,추동로5번길
2188,S0069930,한식,4115010400,경기도,의정부시,신곡동,\N,4115056800,신곡2동,411504343352,추동로23번길
2189,S0069931,야식,4115010400,경기도,의정부시,신곡동,\N,4115056800,신곡2동,411504343352,추동로23번길
2190,S0069932,야식,4115010400,경기도,의정부시,신곡동,\N,4115056800,신곡2동,411504343352,추동로23번길
2191,S0069933,야식,4115010400,경기도,의정부시,신곡동,\N,4115056800,신곡2동,411504343352,추동로23번길
2192,S0069934,야식,4115010400,경기도,의정부시,신곡동,\N,4115056800,신곡2동,411504343352,추동로23번길
2196,S0069943,치킨,4115010400,경기도,의정부시,신곡동,\N,4115056800,신곡2동,411504343327,장곡로596번길
2197,S0069944,치킨,4115010400,경기도,의정부시,신곡동,\N,4115056800,신곡2동,411504343327,장곡로596번길
2207,S0069960,피자,4115010400,경기도,의정부시,신곡동,\N,4115056800,신곡2동,411504343355,추동로92번길
2208,S0069961,피자,4115010400,경기도,의정부시,신곡동,\N,4115056800,신곡2동,411504343355,추동로92번길
2209,S0069962,피자,4115010400,경기도,의정부시,신곡동,\N,4115056800,신곡2동,411504343355,추동로92번길
2210,S0069963,피자,4115010400,경기도,의정부시,신곡동,\N,4115056800,신곡2동,411504343355,추동로92번길
2211,S0069964,피자,4115010400,경기도,의정부시,신곡동,\N,4115056800,신곡2동,411504343355,추동로92번길
2212,S0069965,피자,4115010400,경기도,의정부시,신곡동,\N,4115056800,신곡2동,411504343355,추동로92번길
2213,S0069966,피자,4115010400,경기도,의정부시,신곡동,\N,4115056800,신곡2동,411504343355,추동로92번길
2214,S0069967,피자,4115010400,경기도,의정부시,신곡동,\N,4115056800,신곡2동,411504343355,추동로92번길
2215,S0069973,패스트푸드,4115010400,경기도,의정부시,신곡동,\N,4115056800,신곡2동,411503181039,장곡로
2216,S0069974,패스트푸드,4115010400,경기도,의정부시,신곡동,\N,4115056800,신곡2동,411503181039,장곡로
2217,S0069975,패스트푸드,4115010400,경기도,의정부시,신곡동,\N,4115056800,신곡2동,411503181039,장곡로
2218,S0069976,패스트푸드,4115011100,경기도,의정부시,녹양동,\N,4115062000,녹양동,411503181048,체육로
2219,S0069977,패스트푸드,4115011100,경기도,의정부시,녹양동,\N,4115062000,녹양동,411503181048,체육로
2220,S0069978,패스트푸드,4115010400,경기도,의정부시,신곡동,\N,4115056700,신곡1동,411503000001,동일로
2221,S0069979,패스트푸드,4115010400,경기도,의정부시,신곡동,\N,4115056700,신곡1동,411503000001,동일로
2222,S0069980,패스트푸드,4115010400,경기도,의정부시,신곡동,\N,4115056700,신곡1동,411503000001,동일로
2223,S0069981,패스트푸드,4115010100,경기도,의정부시,의정부동,\N,4115051000,의정부1동,411504343198,시민로131번길
2224,S0069982,패스트푸드,4115010200,경기도,의정부시,호원동,\N,4115054500,호원1동,411503215066,평화로
2227,S0069993,카페/디저트,4115010200,경기도,의정부시,호원동,\N,4115055500,호원2동,\N,\N
2228,S0069994,카페/디저트,4115010200,경기도,의정부시,호원동,\N,4115055500,호원2동,\N,\N
2230,S0070002,치킨,4115010200,경기도,의정부시,호원동,\N,4115054500,호원1동,411503215066,평화로
2231,S0070003,족발/보쌈,4115010200,경기도,의정부시,호원동,\N,4115054500,호원1동,411503215066,평화로
2232,S0070004,족발/보쌈,4115010200,경기도,의정부시,호원동,\N,4115054500,호원1동,411503215066,평화로
2233,S0070006,치킨,4115010200,경기도,의정부시,호원동,\N,4115054500,호원1동,411503215066,평화로
2234,S0070007,분식,4115010200,경기도,의정부시,호원동,\N,4115054500,호원1동,411503215066,평화로
2235,S0070008,분식,4115010200,경기도,의정부시,호원동,\N,4115054500,호원1동,411503215066,평화로
2236,S0070009,분식,4115010200,경기도,의정부시,호원동,\N,4115054500,호원1동,411503215066,평화로
2237,S0070010,분식,4115010200,경기도,의정부시,호원동,\N,4115054500,호원1동,411503215066,평화로
2240,S0070028,한식,4115010400,경기도,의정부시,신곡동,\N,4115056800,신곡2동,411504343355,추동로92번길
2241,S0070029,한식,4115010400,경기도,의정부시,신곡동,\N,4115056800,신곡2동,411504343355,추동로92번길
2242,S0070030,한식,4115010400,경기도,의정부시,신곡동,\N,4115056800,신곡2동,411504343355,추동로92번길
2255,S0070064,한식,4115010600,경기도,의정부시,민락동,\N,4115057600,송산2동,411504343538,용민로182번길
2256,S0070065,한식,4115010600,경기도,의정부시,민락동,\N,4115057600,송산2동,411504343538,용민로182번길
2257,S0070066,회,4115010600,경기도,의정부시,민락동,\N,4115057600,송산2동,411503181056,효자로
2258,S0070067,회,4115010600,경기도,의정부시,민락동,\N,4115057600,송산2동,411503181056,효자로
2259,S0070068,회,4115010600,경기도,의정부시,민락동,\N,4115057600,송산2동,411503181056,효자로
2260,S0070069,치킨,4115010700,경기도,의정부시,낙양동,\N,4115057800,송산3동,411503181035,용민로
2261,S0070070,분식,4115010600,경기도,의정부시,민락동,\N,4115057600,송산2동,411503181036,용현로
2262,S0070071,분식,4115010600,경기도,의정부시,민락동,\N,4115057600,송산2동,411503181036,용현로
2263,S0070072,분식,4115010600,경기도,의정부시,민락동,\N,4115057600,송산2동,411503181036,용현로
2264,S0070075,치킨,4115010600,경기도,의정부시,민락동,\N,4115057600,송산2동,411504343293,용현로150번길
2265,S0070077,치킨,4115010600,경기도,의정부시,민락동,\N,4115057600,송산2동,411504343293,용현로150번길
2266,S0070078,족발/보쌈,4115010600,경기도,의정부시,민락동,\N,4115057600,송산2동,411504343295,용현로160번길
2267,S0070079,족발/보쌈,4115010600,경기도,의정부시,민락동,\N,4115057600,송산2동,411504343295,용현로160번길
2268,S0070080,족발/보쌈,4115010600,경기도,의정부시,민락동,\N,4115057600,송산2동,411504343293,용현로150번길
2269,S0070081,족발/보쌈,4115010600,경기도,의정부시,민락동,\N,4115057600,송산2동,411504343293,용현로150번길
2270,S0070082,족발/보쌈,4115010600,경기도,의정부시,민락동,\N,4115057600,송산2동,411504343293,용현로150번길
2271,S0070083,족발/보쌈,4115010600,경기도,의정부시,민락동,\N,4115057600,송산2동,411504343293,용현로150번길
2272,S0070084,족발/보쌈,4115010600,경기도,의정부시,민락동,\N,4115057600,송산2동,411504343293,용현로150번길
2273,S0070085,족발/보쌈,4115010600,경기도,의정부시,민락동,\N,4115057600,송산2동,411503181036,용현로
2274,S0070086,족발/보쌈,4115010600,경기도,의정부시,민락동,\N,4115057600,송산2동,411503181036,용현로
2275,S0070087,족발/보쌈,4115010600,경기도,의정부시,민락동,\N,4115057600,송산2동,411503181036,용현로
2276,S0070088,족발/보쌈,4115010600,경기도,의정부시,민락동,\N,4115057600,송산2동,411503181036,용현로
2277,S0070089,족발/보쌈,4115010600,경기도,의정부시,민락동,\N,4115057600,송산2동,411503181036,용현로
2278,S0070090,돈까스/일식,4115010600,경기도,의정부시,민락동,\N,4115057600,송산2동,411504343537,송현로52번길
2279,S0070091,돈까스/일식,4115010600,경기도,의정부시,민락동,\N,4115057600,송산2동,411504343537,송현로52번길
2280,S0070092,찜탕,4115010600,경기도,의정부시,민락동,\N,4115057600,송산2동,411504343293,용현로150번길
2281,S0070093,찜탕,4115010600,경기도,의정부시,민락동,\N,4115057600,송산2동,411504343293,용현로150번길
2282,S0070094,아시안/양식,4115010600,경기도,의정부시,민락동,\N,4115057600,송산2동,411503181027,승지로
2283,S0070095,아시안/양식,4115010600,경기도,의정부시,민락동,\N,4115057600,송산2동,411503181027,승지로
2284,S0070096,분식,4115010600,경기도,의정부시,민락동,\N,4115057600,송산2동,411503181027,승지로
2285,S0070097,분식,4115010600,경기도,의정부시,민락동,\N,4115057600,송산2동,411503181027,승지로
2286,S0070104,배달전문업체,4115010600,경기도,의정부시,민락동,\N,4115057600,송산2동,411503181036,용현로
2287,S0070105,배달전문업체,4115010600,경기도,의정부시,민락동,\N,4115057600,송산2동,411503181036,용현로
2288,S0070106,회,4115010600,경기도,의정부시,민락동,\N,4115057600,송산2동,411504343295,용현로160번길
2289,S0070107,회,4115010600,경기도,의정부시,민락동,\N,4115057600,송산2동,411504343295,용현로160번길
2290,S0070108,카페/디저트,4115010600,경기도,의정부시,민락동,\N,4115057600,송산2동,411504343536,송현로82번길
2291,S0070109,카페/디저트,4115010600,경기도,의정부시,민락동,\N,4115057600,송산2동,411504343536,송현로82번길
2292,S0070110,카페/디저트,4115010600,경기도,의정부시,민락동,\N,4115057600,송산2동,411504343536,송현로82번길
2293,S0070111,카페/디저트,4115010600,경기도,의정부시,민락동,\N,4115057600,송산2동,411504343536,송현로82번길
2294,S0070112,카페/디저트,4115010600,경기도,의정부시,민락동,\N,4115057600,송산2동,411504343536,송현로82번길
2295,S0070113,카페/디저트,4115010600,경기도,의정부시,민락동,\N,4115057600,송산2동,411504343536,송현로82번길
2296,S0070114,찜탕,4115010600,경기도,의정부시,민락동,\N,4115057600,송산2동,411503181056,효자로
2297,S0070115,찜탕,4115010600,경기도,의정부시,민락동,\N,4115057600,송산2동,411503181056,효자로
2298,S0070118,회,4115010600,경기도,의정부시,민락동,\N,4115057600,송산2동,411504343293,용현로150번길
2299,S0070119,회,4115010600,경기도,의정부시,민락동,\N,4115057600,송산2동,411504343293,용현로150번길
2300,S0070120,회,4115010600,경기도,의정부시,민락동,\N,4115057600,송산2동,411504343293,용현로150번길
2301,S0070121,분식,4115010600,경기도,의정부시,민락동,\N,4115057600,송산2동,411503181035,용민로
2302,S0070122,분식,4115010600,경기도,의정부시,민락동,\N,4115057600,송산2동,411503181035,용민로
2303,S0070123,분식,4115010600,경기도,의정부시,민락동,\N,4115057600,송산2동,411503181035,용민로
2304,S0070124,분식,4115010600,경기도,의정부시,민락동,\N,4115057600,송산2동,411503181035,용민로
2305,S0070125,분식,4115010600,경기도,의정부시,민락동,\N,4115057600,송산2동,411503181035,용민로
2306,S0070126,분식,4115010600,경기도,의정부시,민락동,\N,4115057600,송산2동,411503181035,용민로
2307,S0070127,분식,4115010600,경기도,의정부시,민락동,\N,4115057600,송산2동,411503181035,용민로
2308,S0070128,분식,4115010600,경기도,의정부시,민락동,\N,4115057600,송산2동,411503181035,용민로
2309,S0070129,분식,4115010600,경기도,의정부시,민락동,\N,4115057600,송산2동,411503181035,용민로
2310,S0070130,분식,4115010600,경기도,의정부시,민락동,\N,4115057600,송산2동,411503181035,용민로
2311,S0070131,분식,4115010600,경기도,의정부시,민락동,\N,4115057600,송산2동,411503181035,용민로
2312,S0070132,분식,4115010600,경기도,의정부시,민락동,\N,4115057600,송산2동,411503181035,용민로
2313,S0070133,분식,4115010600,경기도,의정부시,민락동,\N,4115057600,송산2동,411503181035,용민로
2314,S0070134,분식,4115010600,경기도,의정부시,민락동,\N,4115057600,송산2동,411503181035,용민로
2315,S0070135,분식,4115010600,경기도,의정부시,민락동,\N,4115057600,송산2동,411503181035,용민로
2316,S0070136,분식,4115010600,경기도,의정부시,민락동,\N,4115057600,송산2동,411503181035,용민로
2317,S0070137,분식,4115010600,경기도,의정부시,민락동,\N,4115057600,송산2동,411503181035,용민로
2318,S0070138,분식,4115010600,경기도,의정부시,민락동,\N,4115057600,송산2동,411503181035,용민로
2319,S0070139,배달전문업체,4115010600,경기도,의정부시,민락동,\N,4115057600,송산2동,411504343290,용현로120번길
2320,S0070140,배달전문업체,4115010600,경기도,의정부시,민락동,\N,4115057600,송산2동,411504343290,용현로120번길
2321,S0070141,배달전문업체,4115010600,경기도,의정부시,민락동,\N,4115057600,송산2동,411504343290,용현로120번길
2322,S0070142,배달전문업체,4115010600,경기도,의정부시,민락동,\N,4115057600,송산2동,411504343290,용현로120번길
2323,S0070143,피자,4115010600,경기도,의정부시,민락동,\N,4115057600,송산2동,411504343537,송현로52번길
2324,S0070144,피자,4115010600,경기도,의정부시,민락동,\N,4115057600,송산2동,411504343537,송현로52번길
2325,S0070145,피자,4115010600,경기도,의정부시,민락동,\N,4115057600,송산2동,411504343537,송현로52번길
2326,S0070146,피자,4115010600,경기도,의정부시,민락동,\N,4115057600,송산2동,411504343537,송현로52번길
2327,S0070147,피자,4115010600,경기도,의정부시,민락동,\N,4115057600,송산2동,411504343537,송현로52번길
2328,S0070148,피자,4115010600,경기도,의정부시,민락동,\N,4115057600,송산2동,411504343537,송현로52번길
2329,S0070149,피자,4115010600,경기도,의정부시,민락동,\N,4115057600,송산2동,411504343537,송현로52번길
2330,S0070150,피자,4115010600,경기도,의정부시,민락동,\N,4115057600,송산2동,411504343537,송현로52번길
2331,S0070151,피자,4115010600,경기도,의정부시,민락동,\N,4115057600,송산2동,411504343537,송현로52번길
2332,S0070152,피자,4115010600,경기도,의정부시,민락동,\N,4115057600,송산2동,411504343537,송현로52번길
2333,S0070153,피자,4115010600,경기도,의정부시,민락동,\N,4115057600,송산2동,411504343537,송현로52번길
2334,S0070154,피자,4115010600,경기도,의정부시,민락동,\N,4115057600,송산2동,411504343537,송현로52번길
2335,S0070162,카페/디저트,4115010600,경기도,의정부시,민락동,\N,4115057600,송산2동,411503181035,용민로
2336,S0070163,카페/디저트,4115010600,경기도,의정부시,민락동,\N,4115057600,송산2동,411503181035,용민로
2337,S0070164,카페/디저트,4115010600,경기도,의정부시,민락동,\N,4115057600,송산2동,411503181035,용민로
2338,S0070165,찜탕,4115010600,경기도,의정부시,민락동,\N,4115057600,송산2동,411503181035,용민로
2339,S0070167,찜탕,4115010600,경기도,의정부시,민락동,\N,4115057600,송산2동,411503181035,용민로
2340,S0070168,찜탕,4115010600,경기도,의정부시,민락동,\N,4115057600,송산2동,411503181035,용민로
2341,S0070169,찜탕,4115010600,경기도,의정부시,민락동,\N,4115057600,송산2동,411503181035,용민로
2342,S0070174,야식,4115010600,경기도,의정부시,민락동,\N,4115057600,송산2동,411504343190,승지로10번길
2343,S0070175,야식,4115010600,경기도,의정부시,민락동,\N,4115057600,송산2동,411504343190,승지로10번길
2344,S0070176,치킨,4115010600,경기도,의정부시,민락동,\N,4115057600,송산2동,411503181036,용현로
2345,S0070177,치킨,4115010600,경기도,의정부시,민락동,\N,4115057600,송산2동,411503181036,용현로
2346,S0070178,치킨,4115010600,경기도,의정부시,민락동,\N,4115057600,송산2동,411503181036,용현로
2347,S0070179,족발/보쌈,4115010600,경기도,의정부시,민락동,\N,4115057600,송산2동,411504343295,용현로160번길
2348,S0070182,치킨,4115010600,경기도,의정부시,민락동,\N,4115057600,송산2동,411504343538,용민로182번길
2349,S0070183,치킨,4115010600,경기도,의정부시,민락동,\N,4115057600,송산2동,411504343538,용민로182번길
2350,S0070184,치킨,4115010600,경기도,의정부시,민락동,\N,4115057600,송산2동,411504343538,용민로182번길
2351,S0070185,치킨,4115010600,경기도,의정부시,민락동,\N,4115057600,송산2동,411504343538,용민로182번길
2352,S0070186,치킨,4115010600,경기도,의정부시,민락동,\N,4115057600,송산2동,411504343538,용민로182번길
2353,S0070187,치킨,4115010600,경기도,의정부시,민락동,\N,4115057600,송산2동,411504343538,용민로182번길
2354,S0070188,한식,4115010600,경기도,의정부시,민락동,\N,4115057600,송산2동,411504343194,승지로4번길
2355,S0070191,치킨,4115010600,경기도,의정부시,민락동,\N,4115057600,송산2동,411503181027,승지로
2356,S0070192,치킨,4115010600,경기도,의정부시,민락동,\N,4115057600,송산2동,411503181027,승지로
2357,S0070193,배달전문업체,4115010600,경기도,의정부시,민락동,\N,4115057600,송산2동,411503181035,용민로
2358,S0070194,배달전문업체,4115010600,경기도,의정부시,민락동,\N,4115057600,송산2동,411503181035,용민로
2359,S0070195,배달전문업체,4115010600,경기도,의정부시,민락동,\N,4115057600,송산2동,411503181035,용민로
2360,S0070196,배달전문업체,4115010600,경기도,의정부시,민락동,\N,4115057600,송산2동,411503181035,용민로
2361,S0070197,한식,4115010600,경기도,의정부시,민락동,\N,4115057600,송산2동,411504343291,용현로122번길
2362,S0070198,아시안/양식,4115010600,경기도,의정부시,민락동,\N,4115057800,송산3동,411504343540,오목로225번길
2363,S0070199,아시안/양식,4115010600,경기도,의정부시,민락동,\N,4115057800,송산3동,411504343540,오목로225번길
2364,S0070205,야식,4115010100,경기도,의정부시,의정부동,\N,4115051000,의정부1동,411504343459,호국로1298번길
2365,S0070211,한식,4115010400,경기도,의정부시,신곡동,\N,4115056700,신곡1동,411504343134,발곡로31번길
2366,S0070214,야식,4115010300,경기도,의정부시,장암동,\N,4115056100,장암동,411503181055,회룡로
2367,S0070215,한식,4115010100,경기도,의정부시,의정부동,\N,4115051000,의정부1동,411503181060,시민로
2368,S0070216,한식,4115010100,경기도,의정부시,의정부동,\N,4115051000,의정부1동,411503181060,시민로
2371,S0070222,한식,4115010600,경기도,의정부시,민락동,\N,4115057600,송산2동,411503181027,승지로
2373,S0070226,찜탕,4115010900,경기도,의정부시,금오동,\N,4115058000,자금동,411503181047,청사로
2374,S0070227,찜탕,4115010900,경기도,의정부시,금오동,\N,4115058000,자금동,411503181047,청사로
2375,S0070228,찜탕,4115010900,경기도,의정부시,금오동,\N,4115058000,자금동,411503181047,청사로
2378,S0070232,족발/보쌈,4115010600,경기도,의정부시,민락동,\N,4115057600,송산2동,411504343295,용현로160번길
2379,S0070233,족발/보쌈,4115010600,경기도,의정부시,민락동,\N,4115057600,송산2동,411504343295,용현로160번길
2380,S0070234,족발/보쌈,4115010600,경기도,의정부시,민락동,\N,4115057600,송산2동,411504343295,용현로160번길
2381,S0070235,치킨,4115010200,경기도,의정부시,호원동,\N,4115055500,호원2동,411503181053,호동로
2382,S0070237,카페/디저트,4115010100,경기도,의정부시,의정부동,\N,4115052000,의정부2동,411504343114,둔야로17번길
2383,S0070240,한식,4115010100,경기도,의정부시,의정부동,\N,4115051000,의정부1동,411504343359,태평로100번길
2384,S0070241,한식,4115010100,경기도,의정부시,의정부동,\N,4115051000,의정부1동,411504343359,태평로100번길
2385,S0070242,한식,4115010100,경기도,의정부시,의정부동,\N,4115051000,의정부1동,411504343359,태평로100번길
2386,S0070243,족발/보쌈,4115010600,경기도,의정부시,민락동,\N,4115057600,송산2동,411504343295,용현로160번길
2387,S0070244,족발/보쌈,4115010600,경기도,의정부시,민락동,\N,4115057600,송산2동,411504343295,용현로160번길
2388,S0070245,족발/보쌈,4115010600,경기도,의정부시,민락동,\N,4115057600,송산2동,411504343295,용현로160번길
2389,S0070246,한식,4115010100,경기도,의정부시,의정부동,\N,4115051000,의정부1동,411504343364,태평로133번길
2391,S0070252,패스트푸드,4115010400,경기도,의정부시,신곡동,\N,4115056700,신곡1동,411503000001,동일로
2392,S0070253,패스트푸드,4115010400,경기도,의정부시,신곡동,\N,4115056700,신곡1동,411503000001,동일로
2393,S0070254,패스트푸드,4115010400,경기도,의정부시,신곡동,\N,4115056700,신곡1동,411503000001,동일로
2394,S0070255,패스트푸드,4115010400,경기도,의정부시,신곡동,\N,4115056700,신곡1동,411503000001,동일로
2395,S0070261,치킨,4115010600,경기도,의정부시,민락동,\N,4115057800,송산3동,411504343540,오목로225번길
2396,S0070262,치킨,4115010600,경기도,의정부시,민락동,\N,4115057800,송산3동,411504343540,오목로225번길
2397,S0070263,야식,4115010600,경기도,의정부시,민락동,\N,4115057800,송산3동,411504343540,오목로225번길
2398,S0070264,야식,4115010600,경기도,의정부시,민락동,\N,4115057800,송산3동,411504343540,오목로225번길
2399,S0070265,야식,4115010600,경기도,의정부시,민락동,\N,4115057800,송산3동,411504343540,오목로225번길
2400,S0070266,야식,4115010600,경기도,의정부시,민락동,\N,4115057800,송산3동,411504343540,오목로225번길
2401,S0070267,야식,4115010600,경기도,의정부시,민락동,\N,4115057800,송산3동,411504343540,오목로225번길
2402,S0070268,야식,4115010600,경기도,의정부시,민락동,\N,4115057800,송산3동,411504343540,오목로225번길
2403,S0070269,야식,4115010600,경기도,의정부시,민락동,\N,4115057800,송산3동,411504343540,오목로225번길
2404,S0070270,카페/디저트,4115010600,경기도,의정부시,민락동,\N,4115057800,송산3동,\N,\N
2405,S0070271,카페/디저트,4115010600,경기도,의정부시,민락동,\N,4115057800,송산3동,\N,\N
2406,S0070272,카페/디저트,4115010600,경기도,의정부시,민락동,\N,4115057800,송산3동,\N,\N
2407,S0070273,카페/디저트,4115010600,경기도,의정부시,민락동,\N,4115057800,송산3동,\N,\N
2408,S0070274,족발/보쌈,4115010600,경기도,의정부시,민락동,\N,4115057800,송산3동,411504343540,오목로225번길
2409,S0070275,족발/보쌈,4115010600,경기도,의정부시,민락동,\N,4115057800,송산3동,411504343540,오목로225번길
2410,S0070276,분식,4115010600,경기도,의정부시,민락동,\N,4115057800,송산3동,411504343540,오목로225번길
2411,S0070290,야식,4115010600,경기도,의정부시,민락동,\N,4115057800,송산3동,411504343539,오목로205번길
2412,S0070291,야식,4115010600,경기도,의정부시,민락동,\N,4115057800,송산3동,411504343539,오목로205번길
2413,S0070298,카페/디저트,4115010600,경기도,의정부시,민락동,\N,4115057800,송산3동,411504343540,오목로225번길
2414,S0070299,회,4115010600,경기도,의정부시,민락동,\N,4115057800,송산3동,411504343540,오목로225번길
2415,S0070300,회,4115010600,경기도,의정부시,민락동,\N,4115057800,송산3동,411504343540,오목로225번길
2416,S0070301,아시안/양식,4115010600,경기도,의정부시,민락동,\N,4115057800,송산3동,411503181046,천보로
2417,S0070302,아시안/양식,4115010600,경기도,의정부시,민락동,\N,4115057800,송산3동,411503181046,천보로
2418,S0070303,아시안/양식,4115010600,경기도,의정부시,민락동,\N,4115057800,송산3동,411503181046,천보로
2419,S0070306,돈까스/일식,4115010600,경기도,의정부시,민락동,\N,4115057800,송산3동,411504343539,오목로205번길
2420,S0070307,돈까스/일식,4115010600,경기도,의정부시,민락동,\N,4115057800,송산3동,411504343539,오목로205번길
2421,S0070308,아시안/양식,4115010600,경기도,의정부시,민락동,\N,4115057800,송산3동,411503181046,천보로
2422,S0070309,아시안/양식,4115010600,경기도,의정부시,민락동,\N,4115057800,송산3동,411503181046,천보로
2423,S0070310,아시안/양식,4115010600,경기도,의정부시,민락동,\N,4115057800,송산3동,411503181046,천보로
2424,S0070311,치킨,4115010600,경기도,의정부시,민락동,\N,4115057800,송산3동,411504343540,오목로225번길
2425,S0070312,치킨,4115010600,경기도,의정부시,민락동,\N,4115057800,송산3동,411504343540,오목로225번길
2426,S0070313,치킨,4115010600,경기도,의정부시,민락동,\N,4115057800,송산3동,411504343540,오목로225번길
2427,S0070314,중식,4115010600,경기도,의정부시,민락동,\N,4115057800,송산3동,411504343540,오목로225번길
2428,S0070315,중식,4115010600,경기도,의정부시,민락동,\N,4115057800,송산3동,411504343540,오목로225번길
2429,S0070316,중식,4115010600,경기도,의정부시,민락동,\N,4115057800,송산3동,411504343540,오목로225번길
2430,S0070317,중식,4115010600,경기도,의정부시,민락동,\N,4115057800,송산3동,411504343540,오목로225번길
2431,S0070318,중식,4115010600,경기도,의정부시,민락동,\N,4115057800,송산3동,411504343540,오목로225번길
2432,S0070319,중식,4115010600,경기도,의정부시,민락동,\N,4115057800,송산3동,411504343540,오목로225번길
2433,S0070320,중식,4115010600,경기도,의정부시,민락동,\N,4115057800,송산3동,411504343540,오목로225번길
2434,S0070321,중식,4115010600,경기도,의정부시,민락동,\N,4115057800,송산3동,411504343540,오목로225번길
2435,S0070322,중식,4115010600,경기도,의정부시,민락동,\N,4115057800,송산3동,411504343540,오목로225번길
2436,S0070323,패스트푸드,4115010600,경기도,의정부시,민락동,\N,4115057800,송산3동,411504343539,오목로205번길
2437,S0070324,패스트푸드,4115010600,경기도,의정부시,민락동,\N,4115057800,송산3동,411504343539,오목로205번길
2438,S0070325,패스트푸드,4115010600,경기도,의정부시,민락동,\N,4115057800,송산3동,411504343539,오목로205번길
2439,S0070326,패스트푸드,4115010600,경기도,의정부시,민락동,\N,4115057800,송산3동,411504343539,오목로205번길
2440,S0070327,패스트푸드,4115010600,경기도,의정부시,민락동,\N,4115057800,송산3동,411504343539,오목로205번길
2441,S0070328,돈까스/일식,4115010600,경기도,의정부시,민락동,\N,4115057800,송산3동,411504343540,오목로225번길
2442,S0070329,돈까스/일식,4115010600,경기도,의정부시,민락동,\N,4115057800,송산3동,411504343540,오목로225번길
2443,S0070330,돈까스/일식,4115010600,경기도,의정부시,민락동,\N,4115057800,송산3동,411504343540,오목로225번길
2444,S0070331,돈까스/일식,4115010600,경기도,의정부시,민락동,\N,4115057800,송산3동,411503181035,용민로
2445,S0070332,돈까스/일식,4115010600,경기도,의정부시,민락동,\N,4115057800,송산3동,411503181035,용민로
2446,S0070333,돈까스/일식,4115010600,경기도,의정부시,민락동,\N,4115057800,송산3동,411503181035,용민로
2447,S0070334,돈까스/일식,4115010600,경기도,의정부시,민락동,\N,4115057800,송산3동,411503181035,용민로
2448,S0070335,돈까스/일식,4115010600,경기도,의정부시,민락동,\N,4115057800,송산3동,411503181035,용민로
2449,S0070336,돈까스/일식,4115010600,경기도,의정부시,민락동,\N,4115057800,송산3동,411503181035,용민로
2450,S0070337,한식,4115010600,경기도,의정부시,민락동,\N,4115057800,송산3동,411503181035,용민로
2451,S0070338,분식,4115010600,경기도,의정부시,민락동,\N,4115057800,송산3동,\N,\N
2452,S0070340,분식,4115010600,경기도,의정부시,민락동,\N,4115057800,송산3동,\N,\N
2453,S0070341,분식,4115010600,경기도,의정부시,민락동,\N,4115057800,송산3동,\N,\N
2454,S0070342,분식,4115010600,경기도,의정부시,민락동,\N,4115057800,송산3동,\N,\N
2455,S0070343,분식,4115010600,경기도,의정부시,민락동,\N,4115057800,송산3동,\N,\N
2456,S0070344,야식,4115010600,경기도,의정부시,민락동,\N,4115057800,송산3동,411503181033,오목로
2457,S0070345,야식,4115010600,경기도,의정부시,민락동,\N,4115057800,송산3동,411503181033,오목로
2458,S0070346,한식,4115010600,경기도,의정부시,민락동,\N,4115057800,송산3동,411504343540,오목로225번길
2459,S0070347,한식,4115010600,경기도,의정부시,민락동,\N,4115057800,송산3동,411504343540,오목로225번길
2460,S0070359,분식,4115010600,경기도,의정부시,민락동,\N,4115057800,송산3동,411503181033,오목로
2461,S0070360,분식,4115010600,경기도,의정부시,민락동,\N,4115057800,송산3동,411503181033,오목로
2462,S0070361,분식,4115010600,경기도,의정부시,민락동,\N,4115057800,송산3동,411503181033,오목로
2463,S0070362,분식,4115010600,경기도,의정부시,민락동,\N,4115057800,송산3동,411503181033,오목로
2464,S0070363,분식,4115010600,경기도,의정부시,민락동,\N,4115057800,송산3동,411504343540,오목로225번길
2465,S0070364,분식,4115010600,경기도,의정부시,민락동,\N,4115057800,송산3동,411504343540,오목로225번길
2466,S0070365,한식,4115010600,경기도,의정부시,민락동,\N,4115057800,송산3동,411504343540,오목로225번길
2467,S0070366,한식,4115010600,경기도,의정부시,민락동,\N,4115057800,송산3동,411504343540,오목로225번길
2468,S0070367,아시안/양식,4115010600,경기도,의정부시,민락동,\N,4115057800,송산3동,411504343540,오목로225번길
2469,S0070368,아시안/양식,4115010600,경기도,의정부시,민락동,\N,4115057800,송산3동,411504343540,오목로225번길
2470,S0070369,아시안/양식,4115010600,경기도,의정부시,민락동,\N,4115057800,송산3동,411504343540,오목로225번길
2471,S0070371,족발/보쌈,4115010600,경기도,의정부시,민락동,\N,4115057800,송산3동,411504343539,오목로205번길
2472,S0070372,족발/보쌈,4115010600,경기도,의정부시,민락동,\N,4115057800,송산3동,411504343539,오목로205번길
2473,S0070375,한식,4115010600,경기도,의정부시,민락동,\N,4115057800,송산3동,411504343539,오목로205번길
2474,S0070376,도시락,4115010600,경기도,의정부시,민락동,\N,4115057800,송산3동,411503181033,오목로
2475,S0070377,분식,4115010600,경기도,의정부시,민락동,\N,4115057800,송산3동,411504343540,오목로225번길
2476,S0070378,분식,4115010600,경기도,의정부시,민락동,\N,4115057800,송산3동,411504343540,오목로225번길
2477,S0070379,분식,4115010600,경기도,의정부시,민락동,\N,4115057800,송산3동,411504343540,오목로225번길
2478,S0070380,돈까스/일식,4115010600,경기도,의정부시,민락동,\N,4115057800,송산3동,411504343540,오목로225번길
2479,S0070381,돈까스/일식,4115010600,경기도,의정부시,민락동,\N,4115057800,송산3동,411504343540,오목로225번길
2480,S0070382,돈까스/일식,4115010600,경기도,의정부시,민락동,\N,4115057800,송산3동,411504343540,오목로225번길
2481,S0070383,치킨,4115010600,경기도,의정부시,민락동,\N,4115057800,송산3동,411504343540,오목로225번길
2482,S0070384,치킨,4115010600,경기도,의정부시,민락동,\N,4115057800,송산3동,411504343540,오목로225번길
2483,S0070385,치킨,4115010600,경기도,의정부시,민락동,\N,4115057800,송산3동,411504343540,오목로225번길
2484,S0070386,치킨,4115010600,경기도,의정부시,민락동,\N,4115057800,송산3동,411504343540,오목로225번길
2485,S0070387,치킨,4115010600,경기도,의정부시,민락동,\N,4115057800,송산3동,411504343540,오목로225번길
2486,S0070388,치킨,4115010600,경기도,의정부시,민락동,\N,4115057800,송산3동,411504343540,오목로225번길
2487,S0070389,치킨,4115010600,경기도,의정부시,민락동,\N,4115057800,송산3동,411504343540,오목로225번길
2488,S0070390,치킨,4115010600,경기도,의정부시,민락동,\N,4115057800,송산3동,411504343540,오목로225번길
2489,S0070392,돈까스/일식,4115010600,경기도,의정부시,민락동,\N,4115057800,송산3동,411504343539,오목로205번길
2490,S0070393,돈까스/일식,4115010600,경기도,의정부시,민락동,\N,4115057800,송산3동,411504343539,오목로205번길
2491,S0070394,카페/디저트,4115010600,경기도,의정부시,민락동,\N,4115057800,송산3동,411504343540,오목로225번길
2492,S0070395,치킨,4115010600,경기도,의정부시,민락동,\N,4115057800,송산3동,411504343540,오목로225번길
2493,S0070396,치킨,4115010600,경기도,의정부시,민락동,\N,4115057800,송산3동,411504343540,오목로225번길
2494,S0070397,치킨,4115010600,경기도,의정부시,민락동,\N,4115057800,송산3동,411504343540,오목로225번길
2495,S0070398,돈까스/일식,4115010600,경기도,의정부시,민락동,\N,4115057800,송산3동,411504343540,오목로225번길
2496,S0070399,돈까스/일식,4115010600,경기도,의정부시,민락동,\N,4115057800,송산3동,411504343539,오목로205번길
2497,S0070400,카페/디저트,4115010600,경기도,의정부시,민락동,\N,4115057800,송산3동,411504343539,오목로205번길
2498,S0070401,카페/디저트,4115010600,경기도,의정부시,민락동,\N,4115057800,송산3동,411504343539,오목로205번길
2499,S0070402,카페/디저트,4115010600,경기도,의정부시,민락동,\N,4115057800,송산3동,411504343539,오목로205번길
2500,S0070403,카페/디저트,4115010600,경기도,의정부시,민락동,\N,4115057800,송산3동,411504343539,오목로205번길
2501,S0070404,족발/보쌈,4115010600,경기도,의정부시,민락동,\N,4115057800,송산3동,411504343540,오목로225번길
2502,S0070405,족발/보쌈,4115010600,경기도,의정부시,민락동,\N,4115057800,송산3동,411504343540,오목로225번길
2505,S0070416,치킨,4115011000,경기도,의정부시,가능동,\N,4115059500,가능동,411504343008,가능로119번길
2506,S0070417,치킨,4115011000,경기도,의정부시,가능동,\N,4115059500,가능동,411504343008,가능로119번길
2507,S0070418,치킨,4115011000,경기도,의정부시,가능동,\N,4115059500,가능동,411504343008,가능로119번길
2508,S0070424,카페/디저트,4115010100,경기도,의정부시,의정부동,\N,4115051000,의정부1동,411503215066,평화로
2524,S0070463,한식,4115010400,경기도,의정부시,신곡동,\N,4115056800,신곡2동,411504343085,능곡로26번길
2525,S0070464,한식,4115010400,경기도,의정부시,신곡동,\N,4115056800,신곡2동,411504343085,능곡로26번길
2538,S0070489,중식,4115010400,경기도,의정부시,신곡동,\N,4115056700,신곡1동,411504343094,동일로466번길
2539,S0070490,중식,4115010400,경기도,의정부시,신곡동,\N,4115056700,신곡1동,411504343094,동일로466번길
2540,S0070491,카페/디저트,4115010400,경기도,의정부시,신곡동,\N,4115056700,신곡1동,411504343094,동일로466번길
2541,S0070492,카페/디저트,4115010400,경기도,의정부시,신곡동,\N,4115056700,신곡1동,411504343094,동일로466번길
2542,S0070493,카페/디저트,4115010400,경기도,의정부시,신곡동,\N,4115056700,신곡1동,411504343094,동일로466번길
2543,S0070494,치킨,4115010400,경기도,의정부시,신곡동,\N,4115056700,신곡1동,411504343094,동일로466번길
2544,S0070495,한식,4115010400,경기도,의정부시,신곡동,\N,4115056700,신곡1동,411504343095,동일로472번길
2545,S0070496,한식,4115010400,경기도,의정부시,신곡동,\N,4115056700,신곡1동,411504343095,동일로472번길
2546,S0070497,한식,4115010400,경기도,의정부시,신곡동,\N,4115056700,신곡1동,411504343095,동일로472번길
2547,S0070498,한식,4115010400,경기도,의정부시,신곡동,\N,4115056700,신곡1동,411504343095,동일로472번길
2548,S0070499,치킨,4115010400,경기도,의정부시,신곡동,\N,4115056700,신곡1동,411504343094,동일로466번길
2551,S0070508,심부름,4115010100,경기도,의정부시,의정부동,\N,4115051000,의정부1동,411503215066,평화로
2552,S0070509,심부름,4115010900,경기도,의정부시,금오동,\N,4115058000,자금동,411503000136,호국로
2553,S0070510,심부름,4115010900,경기도,의정부시,금오동,\N,4115058000,자금동,411503000136,호국로
2554,S0070511,심부름,4115010900,경기도,의정부시,금오동,\N,4115058000,자금동,411503000136,호국로
2555,S0070512,심부름,4115010900,경기도,의정부시,금오동,\N,4115058000,자금동,411503181007,금오로
2556,S0070514,심부름,4115010900,경기도,의정부시,금오동,\N,4115058000,자금동,411504343470,호국로1483번길
2557,S0070515,심부름,4115010900,경기도,의정부시,금오동,\N,4115058000,자금동,411503181007,금오로
2558,S0070517,심부름,4115010900,경기도,의정부시,금오동,\N,4115058000,자금동,411503000136,호국로
2559,S0070519,심부름,4115010900,경기도,의정부시,금오동,\N,4115058000,자금동,411503000136,호국로
2560,S0070522,심부름,4115010200,경기도,의정부시,호원동,\N,4115055500,호원2동,411503215066,평화로
2561,S0070523,심부름,4115011000,경기도,의정부시,가능동,\N,4115059500,가능동,411504343082,녹양로34번길
2563,S0070530,심부름,4115010100,경기도,의정부시,의정부동,\N,4115051000,의정부1동,411503181052,행복로
2564,S0070533,심부름,4115010100,경기도,의정부시,의정부동,\N,4115051000,의정부1동,411504343463,호국로1331번길
2565,S0070536,심부름,4115010900,경기도,의정부시,금오동,\N,4115058000,자금동,411503000136,호국로
2566,S0070537,심부름,4115010100,경기도,의정부시,의정부동,\N,4115051000,의정부1동,411503215066,평화로
2567,S0070538,심부름,4115010600,경기도,의정부시,민락동,\N,4115057600,송산2동,411504343192,승지로22번길
2569,S0070545,심부름,4115010400,경기도,의정부시,신곡동,\N,4115056800,신곡2동,411504343354,추동로91번길
2570,S0070546,심부름,4115010100,경기도,의정부시,의정부동,\N,4115051000,의정부1동,411503181062,태평로
2571,S0070547,심부름,4115010100,경기도,의정부시,의정부동,\N,4115052000,의정부2동,411503181029,신흥로
2572,S0070548,심부름,4115010600,경기도,의정부시,민락동,\N,4115057600,송산2동,411503181036,용현로
2573,S0070549,심부름,4115010300,경기도,의정부시,장암동,\N,4115056100,장암동,411503181055,회룡로
2574,S0070550,심부름,4115010500,경기도,의정부시,용현동,\N,4115057300,송산1동,411503181033,오목로
2575,S0070551,심부름,4115010900,경기도,의정부시,금오동,\N,4115058000,자금동,411504343342,청사로47번길
2576,S0070552,심부름,4115010100,경기도,의정부시,의정부동,\N,4115051000,의정부1동,411504343383,태평로89번길
2577,S0070553,심부름,4115010100,경기도,의정부시,의정부동,\N,4115051000,의정부1동,411504343458,호국로1297번길
2578,S0070554,심부름,4115010100,경기도,의정부시,의정부동,\N,4115052000,의정부2동,411503181060,시민로
2579,S0070555,심부름,4115010100,경기도,의정부시,의정부동,\N,4115051000,의정부1동,411504343382,태평로73번길
2580,S0070556,심부름,4115010100,경기도,의정부시,의정부동,\N,4115051000,의정부1동,411503181062,태평로
2582,S0070566,심부름,4115010100,경기도,의정부시,의정부동,\N,4115051000,의정부1동,411503215066,평화로
2584,S0070568,심부름,4115010200,경기도,의정부시,호원동,\N,4115054500,호원1동,411503215066,평화로
2585,S0070570,심부름,4115010100,경기도,의정부시,의정부동,\N,4115051000,의정부1동,411503215066,평화로
2586,S0070571,심부름,4115010100,경기도,의정부시,의정부동,\N,4115051000,의정부1동,411503215066,평화로
2587,S0070572,심부름,4115011000,경기도,의정부시,가능동,\N,4115051000,의정부1동,411504343374,태평로194번길
2588,S0070578,심부름,4115010900,경기도,의정부시,금오동,\N,4115058000,자금동,411503181003,거북로
2589,S0070580,심부름,4115010400,경기도,의정부시,신곡동,\N,4115056800,신곡2동,411503181006,금신로
2590,S0070581,심부름,4115010100,경기도,의정부시,의정부동,\N,4115051000,의정부1동,\N,\N
2591,S0070582,심부름,4115010100,경기도,의정부시,의정부동,\N,4115051000,의정부1동,411504343382,태평로73번길
2592,S0070586,심부름,4115010100,경기도,의정부시,의정부동,\N,4115051000,의정부1동,411503181062,태평로
2593,S0070587,심부름,4115010100,경기도,의정부시,의정부동,\N,4115051000,의정부1동,411503181062,태평로
2594,S0070588,심부름,4115010100,경기도,의정부시,의정부동,\N,4115051000,의정부1동,411504343361,태평로108번길
2595,S0070589,심부름,4115010100,경기도,의정부시,의정부동,\N,4115051000,의정부1동,411504343361,태평로108번길
2596,S0070590,심부름,4115010100,경기도,의정부시,의정부동,\N,4115051000,의정부1동,411503215066,평화로
2597,S0070595,심부름,4115010900,경기도,의정부시,금오동,\N,4115058000,자금동,411503000136,호국로
2598,S0070596,심부름,4115010900,경기도,의정부시,금오동,\N,4115058000,자금동,411503000136,호국로
2600,S0070598,심부름,4115010900,경기도,의정부시,금오동,\N,4115058000,자금동,411503000136,호국로
2601,S0070599,심부름,4115010900,경기도,의정부시,금오동,\N,4115058000,자금동,411503000136,호국로
2602,S0070600,심부름,4115010900,경기도,의정부시,금오동,\N,4115058000,자금동,411503000136,호국로
2603,S0070601,심부름,4115010100,경기도,의정부시,의정부동,\N,4115051000,의정부1동,411503181062,태평로
2604,S0070603,심부름,4115010900,경기도,의정부시,금오동,\N,4115058000,자금동,411503181007,금오로
2605,S0070604,심부름,4115010900,경기도,의정부시,금오동,\N,4115058000,자금동,411503000136,호국로
2606,S0070612,심부름,4115010400,경기도,의정부시,신곡동,\N,4115056800,신곡2동,411504343354,추동로91번길
2607,S0070613,심부름,4115010200,경기도,의정부시,호원동,\N,4115055500,호원2동,411503215066,평화로
2608,S0070614,심부름,4115010200,경기도,의정부시,호원동,\N,4115055500,호원2동,411503215066,평화로
2609,S0070615,심부름,4115010200,경기도,의정부시,호원동,\N,4115055500,호원2동,411503215066,평화로
2610,S0070621,심부름,4115010100,경기도,의정부시,의정부동,\N,4115052000,의정부2동,411503181060,시민로
2611,S0070626,심부름,4115010400,경기도,의정부시,신곡동,\N,4115056800,신곡2동,411503181039,장곡로
2612,S0070627,심부름,4115010900,경기도,의정부시,금오동,\N,4115058000,자금동,411503000136,호국로
2613,S0070629,심부름,4115010600,경기도,의정부시,민락동,\N,4115057800,송산3동,411503181033,오목로
2614,S0070630,심부름,4115010100,경기도,의정부시,의정부동,\N,4115051000,의정부1동,411503181052,행복로
2615,S0070631,심부름,4115010100,경기도,의정부시,의정부동,\N,4115052000,의정부2동,411503181060,시민로
2616,S0070633,심부름,4115010100,경기도,의정부시,의정부동,\N,4115051000,의정부1동,411503181052,행복로
2617,S0070634,심부름,4115010100,경기도,의정부시,의정부동,\N,4115051000,의정부1동,411503181052,행복로
2618,S0070635,심부름,4115010100,경기도,의정부시,의정부동,\N,4115051000,의정부1동,411503181052,행복로
2619,S0070636,심부름,4115010100,경기도,의정부시,의정부동,\N,4115051000,의정부1동,411504343458,호국로1297번길
2620,S0070645,심부름,4115010200,경기도,의정부시,호원동,\N,4115054500,호원1동,411503215066,평화로
2621,S0070646,심부름,4115010100,경기도,의정부시,의정부동,\N,4115051000,의정부1동,411503215066,평화로
2622,S0070647,심부름,4115010100,경기도,의정부시,의정부동,\N,4115051000,의정부1동,411503215066,평화로
2623,S0070648,심부름,4115010100,경기도,의정부시,의정부동,\N,4115051000,의정부1동,411503215066,평화로
2624,S0070649,심부름,4115010100,경기도,의정부시,의정부동,\N,4115051000,의정부1동,411503215066,평화로
2625,S0070650,심부름,4115010600,경기도,의정부시,민락동,\N,4115057600,송산2동,411503181036,용현로
2626,S0070651,심부름,4115010600,경기도,의정부시,민락동,\N,4115057600,송산2동,411503181036,용현로
2627,S0070652,심부름,4115010600,경기도,의정부시,민락동,\N,4115057800,송산3동,411504343540,오목로225번길
2628,S0070653,심부름,4115010600,경기도,의정부시,민락동,\N,4115057800,송산3동,411503181033,오목로
2629,S0070655,심부름,4115010100,경기도,의정부시,의정부동,\N,4115051000,의정부1동,411503000136,호국로
2631,S0070669,심부름,4115010100,경기도,의정부시,의정부동,\N,4115052000,의정부2동,411503181060,시민로
2632,S0070670,심부름,4115010400,경기도,의정부시,신곡동,\N,4115056700,신곡1동,411503181014,발곡로
2633,S0070671,심부름,4115010400,경기도,의정부시,신곡동,\N,4115056800,신곡2동,411504343085,능곡로26번길
2634,S0070672,심부름,4115010400,경기도,의정부시,신곡동,\N,4115056700,신곡1동,411503000001,동일로
2635,S0070674,심부름,4115010400,경기도,의정부시,신곡동,\N,4115056800,신곡2동,411503181039,장곡로
2636,S0070675,심부름,4115010700,경기도,의정부시,낙양동,\N,4115057800,송산3동,411503181035,용민로
2637,S0070676,심부름,4115010400,경기도,의정부시,신곡동,\N,4115056800,신곡2동,411503181049,추동로
2638,S0070677,심부름,4115010400,경기도,의정부시,신곡동,\N,4115056800,신곡2동,411503181049,추동로
2639,S0070678,심부름,4115010100,경기도,의정부시,의정부동,\N,4115051000,의정부1동,411503181062,태평로
2640,S0070679,심부름,4115010100,경기도,의정부시,의정부동,\N,4115051000,의정부1동,411503181062,태평로
2641,S0070680,심부름,4115010100,경기도,의정부시,의정부동,\N,4115051000,의정부1동,411503181062,태평로
2642,S0070681,심부름,4115010100,경기도,의정부시,의정부동,\N,4115051000,의정부1동,411503215066,평화로
2643,S0070682,심부름,4115010100,경기도,의정부시,의정부동,\N,4115051000,의정부1동,411503215066,평화로
2644,S0070683,심부름,4115010100,경기도,의정부시,의정부동,\N,4115051000,의정부1동,411503215066,평화로
2645,S0070684,심부름,4115010100,경기도,의정부시,의정부동,\N,4115052000,의정부2동,411503181029,신흥로
2646,S0070685,심부름,4115010200,경기도,의정부시,호원동,\N,4115055500,호원2동,411504343487,회룡로105번길
2647,S0070686,심부름,4115010400,경기도,의정부시,신곡동,\N,4115056700,신곡1동,411503000001,동일로
2648,S0070691,심부름,4115010100,경기도,의정부시,의정부동,\N,4115052000,의정부2동,411503181060,시민로
2649,S0070693,심부름,4115010900,경기도,의정부시,금오동,\N,4115058000,자금동,411504343342,청사로47번길
2650,S0070694,심부름,4115010900,경기도,의정부시,금오동,\N,4115058000,자금동,411504343342,청사로47번길
2651,S0070697,심부름,4115010400,경기도,의정부시,신곡동,\N,4115056700,신곡1동,411503181014,발곡로
2652,S0070698,심부름,4115010100,경기도,의정부시,의정부동,\N,4115051000,의정부1동,411504343458,호국로1297번길
2653,S0070702,심부름,4115010900,경기도,의정부시,금오동,\N,4115058000,자금동,411503000136,호국로
2654,S0070704,심부름,4115010100,경기도,의정부시,의정부동,\N,4115051000,의정부1동,411504343203,시민로157번길
2655,S0070708,심부름,4115010100,경기도,의정부시,의정부동,\N,4115051000,의정부1동,411503181060,시민로
2656,S0070710,심부름,4115010100,경기도,의정부시,의정부동,\N,4115051000,의정부1동,411504343458,호국로1297번길
2657,S0070711,심부름,4115010100,경기도,의정부시,의정부동,\N,4115051000,의정부1동,411504343458,호국로1297번길
2658,S0070712,심부름,4115010100,경기도,의정부시,의정부동,\N,4115051000,의정부1동,411503215066,평화로
2659,S0070713,피자,4115010100,경기도,의정부시,의정부동,\N,4115051000,의정부1동,411503215066,평화로
2660,S0070714,심부름,4115010100,경기도,의정부시,의정부동,\N,4115051000,의정부1동,411503181062,태평로
2661,S0070717,심부름,4115010100,경기도,의정부시,의정부동,\N,4115052000,의정부2동,411503181060,시민로
2662,S0070718,심부름,4115010100,경기도,의정부시,의정부동,\N,4115052000,의정부2동,411504343313,의정로40번길
2663,S0070719,심부름,4115010100,경기도,의정부시,의정부동,\N,4115052000,의정부2동,411503181004,경의로
2664,S0070720,심부름,4115010100,경기도,의정부시,의정부동,\N,4115051000,의정부1동,411504343203,시민로157번길
2665,S0070721,심부름,4115010100,경기도,의정부시,의정부동,\N,4115051000,의정부1동,411503181052,행복로
2666,S0070722,심부름,4115010100,경기도,의정부시,의정부동,\N,4115051000,의정부1동,411504343382,태평로73번길
2667,S0070723,심부름,4115010300,경기도,의정부시,장암동,\N,4115056100,장암동,411503181039,장곡로
2668,S0070726,심부름,4115010900,경기도,의정부시,금오동,\N,4115058000,자금동,411503000136,호국로
2669,S0070727,심부름,4115010100,경기도,의정부시,의정부동,\N,4115051000,의정부1동,411503181062,태평로
2670,S0070728,심부름,4115010100,경기도,의정부시,의정부동,\N,4115051000,의정부1동,411503181062,태평로
2671,S0070729,심부름,4115010900,경기도,의정부시,금오동,\N,4115058000,자금동,411503000136,호국로
2672,S0070730,심부름,4115010100,경기도,의정부시,의정부동,\N,4115051000,의정부1동,411503181062,태평로
2673,S0070731,심부름,4115010100,경기도,의정부시,의정부동,\N,4115051000,의정부1동,411503181062,태평로
2674,S0070734,심부름,4115010200,경기도,의정부시,호원동,\N,4115055500,호원2동,411503181034,외미로
2677,S0070740,심부름,4115010100,경기도,의정부시,의정부동,\N,4115052000,의정부2동,411503181057,흥선로
2678,S0070741,심부름,4115010100,경기도,의정부시,의정부동,\N,4115051000,의정부1동,411504343382,태평로73번길
2679,S0070742,심부름,4115010100,경기도,의정부시,의정부동,\N,4115051000,의정부1동,411503181062,태평로
2680,S0070745,심부름,4115010100,경기도,의정부시,의정부동,\N,4115051000,의정부1동,411503215066,평화로
2681,S0070746,심부름,4115011000,경기도,의정부시,가능동,\N,4115051000,의정부1동,411504343374,태평로194번길
2682,S0070749,심부름,4115010100,경기도,의정부시,의정부동,\N,4115051000,의정부1동,411503181052,행복로
2683,S0070754,분식,4115010200,경기도,의정부시,호원동,\N,4115055500,호원2동,411503181055,회룡로
2684,S0070755,심부름,4115011100,경기도,의정부시,녹양동,\N,4115062000,녹양동,411503181048,체육로
2685,S0070756,심부름,4115010100,경기도,의정부시,의정부동,\N,4115051000,의정부1동,411503215066,평화로
2686,S0070757,카페/디저트,4115010500,경기도,의정부시,용현동,\N,4115057300,송산1동,411503181019,부용로
2723,S0070829,돈까스/일식,4115010900,경기도,의정부시,금오동,\N,4115058000,자금동,411503181047,청사로
2724,S0070830,돈까스/일식,4115010900,경기도,의정부시,금오동,\N,4115058000,자금동,411503181047,청사로
2726,S0070837,치킨,4115010400,경기도,의정부시,신곡동,\N,4115056700,신곡1동,411504343229,신곡로70번길
2727,S0070838,카페/디저트,4115010400,경기도,의정부시,신곡동,\N,4115056700,신곡1동,411504343093,동일로454번길
2728,S0070839,카페/디저트,4115010400,경기도,의정부시,신곡동,\N,4115056700,신곡1동,411504343093,동일로454번길
2729,S0070840,카페/디저트,4115010400,경기도,의정부시,신곡동,\N,4115056700,신곡1동,411504343093,동일로454번길
2730,S0070841,카페/디저트,4115010400,경기도,의정부시,신곡동,\N,4115056700,신곡1동,411504343093,동일로454번길
2731,S0070842,치킨,4115010400,경기도,의정부시,신곡동,\N,4115056700,신곡1동,411503181014,발곡로
2732,S0070843,치킨,4115010400,경기도,의정부시,신곡동,\N,4115056700,신곡1동,411503181014,발곡로
2733,S0070844,치킨,4115010400,경기도,의정부시,신곡동,\N,4115056700,신곡1동,411503181014,발곡로
2734,S0070845,치킨,4115010400,경기도,의정부시,신곡동,\N,4115056700,신곡1동,411503181014,발곡로
2735,S0070846,치킨,4115010400,경기도,의정부시,신곡동,\N,4115056700,신곡1동,411503181014,발곡로
2736,S0070847,배달전문업체,4115010400,경기도,의정부시,신곡동,\N,4115056700,신곡1동,411504343134,발곡로31번길
2737,S0070848,족발/보쌈,4115010400,경기도,의정부시,신곡동,\N,4115056700,신곡1동,411503181060,시민로
2738,S0070849,족발/보쌈,4115010400,경기도,의정부시,신곡동,\N,4115056700,신곡1동,411503181060,시민로
2739,S0070850,한식,4115010400,경기도,의정부시,신곡동,\N,4115056700,신곡1동,411504343325,장곡로322번길
2740,S0070851,한식,4115010400,경기도,의정부시,신곡동,\N,4115056700,신곡1동,411504343325,장곡로322번길
2741,S0070852,한식,4115010400,경기도,의정부시,신곡동,\N,4115056700,신곡1동,411504343325,장곡로322번길
2742,S0070853,한식,4115010400,경기도,의정부시,신곡동,\N,4115056700,신곡1동,411504343325,장곡로322번길
2743,S0070854,도시락,4115010400,경기도,의정부시,신곡동,\N,4115056800,신곡2동,411504343347,추동로108번길
2744,S0070855,도시락,4115010400,경기도,의정부시,신곡동,\N,4115056800,신곡2동,411504343347,추동로108번길
2745,S0070856,도시락,4115010400,경기도,의정부시,신곡동,\N,4115056800,신곡2동,411504343347,추동로108번길
2746,S0070857,도시락,4115010400,경기도,의정부시,신곡동,\N,4115056800,신곡2동,411504343347,추동로108번길
2747,S0070858,도시락,4115010400,경기도,의정부시,신곡동,\N,4115056800,신곡2동,411504343347,추동로108번길
2748,S0070859,도시락,4115010400,경기도,의정부시,신곡동,\N,4115056800,신곡2동,411504343347,추동로108번길
2749,S0070860,도시락,4115010400,경기도,의정부시,신곡동,\N,4115056700,신곡1동,411504343094,동일로466번길
2750,S0070861,한식,4115010400,경기도,의정부시,신곡동,\N,4115056700,신곡1동,411503181028,신곡로
2751,S0070862,한식,4115010400,경기도,의정부시,신곡동,\N,4115056700,신곡1동,411503181028,신곡로
2752,S0070863,한식,4115010400,경기도,의정부시,신곡동,\N,4115056700,신곡1동,411503181028,신곡로
2753,S0070864,야식,4115010400,경기도,의정부시,신곡동,\N,4115056800,신곡2동,411504343161,부용로213번길
2754,S0070867,분식,4115010400,경기도,의정부시,신곡동,\N,4115056700,신곡1동,411503181014,발곡로
2755,S0070868,분식,4115010400,경기도,의정부시,신곡동,\N,4115056700,신곡1동,411503181014,발곡로
2756,S0070869,분식,4115010400,경기도,의정부시,신곡동,\N,4115056700,신곡1동,411503181014,발곡로
2757,S0070870,분식,4115010400,경기도,의정부시,신곡동,\N,4115056700,신곡1동,411503181014,발곡로
2758,S0070877,돈까스/일식,4115010400,경기도,의정부시,신곡동,\N,4115056700,신곡1동,411503181014,발곡로
2759,S0070878,돈까스/일식,4115010400,경기도,의정부시,신곡동,\N,4115056700,신곡1동,411503181014,발곡로
2760,S0070879,돈까스/일식,4115010400,경기도,의정부시,신곡동,\N,4115056700,신곡1동,411503181014,발곡로
2761,S0070880,돈까스/일식,4115010400,경기도,의정부시,신곡동,\N,4115056700,신곡1동,411503181014,발곡로
2762,S0070881,돈까스/일식,4115010400,경기도,의정부시,신곡동,\N,4115056700,신곡1동,411503181014,발곡로
2763,S0070882,돈까스/일식,4115010400,경기도,의정부시,신곡동,\N,4115056700,신곡1동,411503181014,발곡로
2764,S0070883,돈까스/일식,4115010400,경기도,의정부시,신곡동,\N,4115056700,신곡1동,411503181014,발곡로
2765,S0070884,돈까스/일식,4115010400,경기도,의정부시,신곡동,\N,4115056700,신곡1동,411503181014,발곡로
2766,S0070885,돈까스/일식,4115010400,경기도,의정부시,신곡동,\N,4115056700,신곡1동,411503181014,발곡로
2767,S0070887,도시락,4115010400,경기도,의정부시,신곡동,\N,4115056700,신곡1동,411503181039,장곡로
2768,S0070888,도시락,4115010400,경기도,의정부시,신곡동,\N,4115056700,신곡1동,411503181039,장곡로
2769,S0070889,도시락,4115010400,경기도,의정부시,신곡동,\N,4115056700,신곡1동,411503181039,장곡로
2770,S0070890,도시락,4115010400,경기도,의정부시,신곡동,\N,4115056700,신곡1동,411503181039,장곡로
2771,S0070891,치킨,4115010400,경기도,의정부시,신곡동,\N,4115056800,신곡2동,411504343354,추동로91번길
2772,S0070892,족발/보쌈,4115010400,경기도,의정부시,신곡동,\N,4115056700,신곡1동,411503181014,발곡로
2773,S0070893,족발/보쌈,4115010400,경기도,의정부시,신곡동,\N,4115056700,신곡1동,411503181014,발곡로
2774,S0070894,돈까스/일식,4115010400,경기도,의정부시,신곡동,\N,4115056700,신곡1동,411503181014,발곡로
2775,S0070895,돈까스/일식,4115010400,경기도,의정부시,신곡동,\N,4115056700,신곡1동,411503181014,발곡로
2776,S0070900,아시안/양식,4115010400,경기도,의정부시,신곡동,\N,4115056700,신곡1동,411503181060,시민로
2777,S0070901,아시안/양식,4115010400,경기도,의정부시,신곡동,\N,4115056700,신곡1동,411503181060,시민로
2778,S0070902,피자,4115010400,경기도,의정부시,신곡동,\N,4115056800,신곡2동,411503181023,새말로
2779,S0070903,치킨,4115010400,경기도,의정부시,신곡동,\N,4115056700,신곡1동,411503181060,시민로
2780,S0070904,치킨,4115010400,경기도,의정부시,신곡동,\N,4115056700,신곡1동,411503181060,시민로
2781,S0070905,치킨,4115010400,경기도,의정부시,신곡동,\N,4115056700,신곡1동,411503181060,시민로
2782,S0070906,치킨,4115010400,경기도,의정부시,신곡동,\N,4115056700,신곡1동,411503181060,시민로
2783,S0070907,치킨,4115010400,경기도,의정부시,신곡동,\N,4115056700,신곡1동,411503181060,시민로
2784,S0070908,치킨,4115010400,경기도,의정부시,신곡동,\N,4115056700,신곡1동,411503181060,시민로
2785,S0070909,치킨,4115010400,경기도,의정부시,신곡동,\N,4115056700,신곡1동,411503181060,시민로
2786,S0070910,치킨,4115010400,경기도,의정부시,신곡동,\N,4115056700,신곡1동,411503181060,시민로
2787,S0070911,치킨,4115010400,경기도,의정부시,신곡동,\N,4115056700,신곡1동,411504343134,발곡로31번길
2788,S0070912,회,4115010400,경기도,의정부시,신곡동,\N,4115056700,신곡1동,411503181060,시민로
2923,S0071132,피자,4115010100,경기도,의정부시,의정부동,\N,4115051000,의정부1동,411503215066,평화로
2924,S0071133,피자,4115010100,경기도,의정부시,의정부동,\N,4115051000,의정부1동,411503215066,평화로
2925,S0071134,피자,4115010100,경기도,의정부시,의정부동,\N,4115051000,의정부1동,411503215066,평화로
2926,S0071135,피자,4115010100,경기도,의정부시,의정부동,\N,4115051000,의정부1동,411503215066,평화로
2927,S0071136,족발/보쌈,4115010100,경기도,의정부시,의정부동,\N,4115051000,의정부1동,411504343201,시민로146번길
2928,S0071137,족발/보쌈,4115010100,경기도,의정부시,의정부동,\N,4115051000,의정부1동,411504343201,시민로146번길
2929,S0071138,족발/보쌈,4115010100,경기도,의정부시,의정부동,\N,4115051000,의정부1동,411504343201,시민로146번길
2930,S0071139,족발/보쌈,4115010100,경기도,의정부시,의정부동,\N,4115051000,의정부1동,411504343201,시민로146번길
2931,S0071140,족발/보쌈,4115010100,경기도,의정부시,의정부동,\N,4115051000,의정부1동,411504343201,시민로146번길
2932,S0071144,아시안/양식,4115010100,경기도,의정부시,의정부동,\N,4115052000,의정부2동,411503181004,경의로
2939,S0071178,한식,4115010100,경기도,의정부시,의정부동,\N,4115052000,의정부2동,411503181004,경의로
2940,S0071179,한식,4115010100,경기도,의정부시,의정부동,\N,4115052000,의정부2동,411503181004,경의로
2941,S0071180,한식,4115010100,경기도,의정부시,의정부동,\N,4115052000,의정부2동,411503181004,경의로
2942,S0071181,한식,4115010100,경기도,의정부시,의정부동,\N,4115052000,의정부2동,411503181004,경의로
2943,S0071182,한식,4115010100,경기도,의정부시,의정부동,\N,4115052000,의정부2동,411503181004,경의로
2944,S0071184,도시락,4115010400,경기도,의정부시,신곡동,\N,4115056800,신곡2동,411503181049,추동로
2945,S0071185,도시락,4115010400,경기도,의정부시,신곡동,\N,4115056800,신곡2동,411503181049,추동로
2952,S0071214,한식,4115010500,경기도,의정부시,용현동,\N,4115057300,송산1동,411504343288,용민로92번길
2953,S0071215,한식,4115010500,경기도,의정부시,용현동,\N,4115057300,송산1동,411504343288,용민로92번길
2954,S0071216,한식,4115010500,경기도,의정부시,용현동,\N,4115057300,송산1동,411504343288,용민로92번길
2955,S0071217,한식,4115010500,경기도,의정부시,용현동,\N,4115057300,송산1동,411504343288,용민로92번길
2956,S0071218,한식,4115010500,경기도,의정부시,용현동,\N,4115057300,송산1동,411504343288,용민로92번길
2957,S0071221,야식,4115010500,경기도,의정부시,용현동,\N,4115057300,송산1동,411503181035,용민로
2958,S0071222,야식,4115010500,경기도,의정부시,용현동,\N,4115057300,송산1동,411503181035,용민로
2959,S0071223,야식,4115010500,경기도,의정부시,용현동,\N,4115057300,송산1동,411503181035,용민로
2960,S0071224,한식,4115010500,경기도,의정부시,용현동,\N,4115057300,송산1동,411503181050,충의로
2961,S0071225,한식,4115010500,경기도,의정부시,용현동,\N,4115057300,송산1동,411503181050,충의로
2962,S0071226,한식,4115010500,경기도,의정부시,용현동,\N,4115057300,송산1동,411503181059,송산로
2963,S0071227,한식,4115010500,경기도,의정부시,용현동,\N,4115057300,송산1동,411503181059,송산로
2964,S0071228,한식,4115010500,경기도,의정부시,용현동,\N,4115057300,송산1동,411503181059,송산로
2965,S0071233,치킨,4115010500,경기도,의정부시,용현동,\N,4115057300,송산1동,411504343276,오목로15번길
2966,S0071238,치킨,4115010500,경기도,의정부시,용현동,\N,4115057300,송산1동,411503181033,오목로
2967,S0071239,치킨,4115010500,경기도,의정부시,용현동,\N,4115057300,송산1동,411503181033,오목로
2968,S0071240,치킨,4115010500,경기도,의정부시,용현동,\N,4115057300,송산1동,411503181033,오목로
2969,S0071241,족발/보쌈,4115010500,경기도,의정부시,용현동,\N,4115057300,송산1동,411503181060,시민로
2970,S0071242,도시락,4115010500,경기도,의정부시,용현동,\N,4115057300,송산1동,411503181033,오목로
2971,S0071243,도시락,4115010500,경기도,의정부시,용현동,\N,4115057300,송산1동,411503181033,오목로
2972,S0071244,분식,4115010500,경기도,의정부시,용현동,\N,4115057300,송산1동,411504343278,오목로19번길
2973,S0071246,돈까스/일식,4115010500,경기도,의정부시,용현동,\N,4115057300,송산1동,411503181033,오목로
2974,S0071247,돈까스/일식,4115010500,경기도,의정부시,용현동,\N,4115057300,송산1동,411503181033,오목로
2975,S0071248,돈까스/일식,4115010500,경기도,의정부시,용현동,\N,4115057300,송산1동,411503181033,오목로
2976,S0071249,배달전문업체,4115010500,경기도,의정부시,용현동,\N,4115057300,송산1동,411503181035,용민로
2977,S0071250,배달전문업체,4115010500,경기도,의정부시,용현동,\N,4115057300,송산1동,411503181035,용민로
2978,S0071253,찜탕,4115010500,경기도,의정부시,용현동,\N,4115057300,송산1동,411503181035,용민로
2979,S0071254,찜탕,4115010500,경기도,의정부시,용현동,\N,4115057300,송산1동,411503181035,용민로
2980,S0071255,찜탕,4115010500,경기도,의정부시,용현동,\N,4115057300,송산1동,411503181035,용민로
2981,S0071256,치킨,4115010500,경기도,의정부시,용현동,\N,4115057300,송산1동,411504343357,충의로57번길
2982,S0071257,피자,4115010500,경기도,의정부시,용현동,\N,4115057300,송산1동,411503181050,충의로
2983,S0071258,피자,4115010500,경기도,의정부시,용현동,\N,4115057300,송산1동,411503181050,충의로
2984,S0071259,피자,4115010500,경기도,의정부시,용현동,\N,4115057300,송산1동,411503181050,충의로
2985,S0071285,치킨,4115010400,경기도,의정부시,신곡동,\N,4115056800,신곡2동,411504343355,추동로92번길
2988,S0071292,족발/보쌈,4115010100,경기도,의정부시,의정부동,\N,4115052000,의정부2동,411503181029,신흥로
2989,S0071293,족발/보쌈,4115010100,경기도,의정부시,의정부동,\N,4115052000,의정부2동,411503181029,신흥로
2990,S0071294,족발/보쌈,4115010100,경기도,의정부시,의정부동,\N,4115052000,의정부2동,411503181029,신흥로
2994,S0071302,한식,4115010400,경기도,의정부시,신곡동,\N,4115056700,신곡1동,411504343134,발곡로31번길
2995,S0071303,한식,4115010400,경기도,의정부시,신곡동,\N,4115056700,신곡1동,411504343134,발곡로31번길
2998,S0071307,분식,4115010100,경기도,의정부시,의정부동,\N,4115051000,의정부1동,411504343196,시민로121번길
2999,S0071308,분식,4115010100,경기도,의정부시,의정부동,\N,4115051000,의정부1동,411504343196,시민로121번길
3000,S0071309,분식,4115010100,경기도,의정부시,의정부동,\N,4115051000,의정부1동,411504343196,시민로121번길
3001,S0071310,분식,4115010100,경기도,의정부시,의정부동,\N,4115051000,의정부1동,411504343196,시민로121번길
3002,S0071315,야식,4115010100,경기도,의정부시,의정부동,\N,4115051000,의정부1동,411504343198,시민로131번길
3003,S0071316,야식,4115010100,경기도,의정부시,의정부동,\N,4115051000,의정부1동,411504343198,시민로131번길
3004,S0071318,아시안/양식,4115010100,경기도,의정부시,의정부동,\N,4115051000,의정부1동,411504343196,시민로121번길
3005,S0071319,분식,4115010100,경기도,의정부시,의정부동,\N,4115051000,의정부1동,411504343459,호국로1298번길
3006,S0071320,분식,4115010100,경기도,의정부시,의정부동,\N,4115051000,의정부1동,411504343459,호국로1298번길
3007,S0071321,분식,4115010100,경기도,의정부시,의정부동,\N,4115051000,의정부1동,411504343459,호국로1298번길
3008,S0071322,분식,4115010100,경기도,의정부시,의정부동,\N,4115051000,의정부1동,411504343459,호국로1298번길
3009,S0071323,배달전문업체,4115010100,경기도,의정부시,의정부동,\N,4115059500,가능동,411504343031,가능로98번길
3010,S0071324,치킨,4115010100,경기도,의정부시,의정부동,\N,4115051000,의정부1동,411504343196,시민로121번길
3011,S0071325,찜탕,4115010100,경기도,의정부시,의정부동,\N,4115051000,의정부1동,411504343415,평화로542번길
3012,S0071326,찜탕,4115010100,경기도,의정부시,의정부동,\N,4115051000,의정부1동,411504343013,가능로136번길
3013,S0071327,찜탕,4115010100,경기도,의정부시,의정부동,\N,4115051000,의정부1동,411504343013,가능로136번길
3014,S0071330,한식,4115010100,경기도,의정부시,의정부동,\N,4115051000,의정부1동,411504343016,가능로159번길
3015,S0071331,한식,4115010100,경기도,의정부시,의정부동,\N,4115051000,의정부1동,411504343016,가능로159번길
3016,S0071335,분식,4115010100,경기도,의정부시,의정부동,\N,4115051000,의정부1동,411504343196,시민로121번길
3017,S0071336,분식,4115010100,경기도,의정부시,의정부동,\N,4115051000,의정부1동,411504343196,시민로121번길
3018,S0071337,분식,4115010100,경기도,의정부시,의정부동,\N,4115051000,의정부1동,411504343196,시민로121번길
3019,S0071338,분식,4115010100,경기도,의정부시,의정부동,\N,4115051000,의정부1동,411504343196,시민로121번길
3020,S0071347,한식,4115010100,경기도,의정부시,의정부동,\N,4115052000,의정부2동,411504343452,호국로1267번길
3021,S0071348,한식,4115010100,경기도,의정부시,의정부동,\N,4115052000,의정부2동,411504343452,호국로1267번길
3022,S0071349,한식,4115010100,경기도,의정부시,의정부동,\N,4115051000,의정부1동,411504343365,태평로137번길
3023,S0071350,한식,4115010100,경기도,의정부시,의정부동,\N,4115051000,의정부1동,411504343365,태평로137번길
3024,S0071351,한식,4115010100,경기도,의정부시,의정부동,\N,4115051000,의정부1동,411504343365,태평로137번길
3025,S0071352,아시안/양식,4115010100,경기도,의정부시,의정부동,\N,4115051000,의정부1동,411504343367,태평로145번길
3026,S0071353,아시안/양식,4115010100,경기도,의정부시,의정부동,\N,4115051000,의정부1동,411504343367,태평로145번길
3027,S0071354,아시안/양식,4115010100,경기도,의정부시,의정부동,\N,4115051000,의정부1동,411504343367,태평로145번길
3028,S0071355,아시안/양식,4115010100,경기도,의정부시,의정부동,\N,4115051000,의정부1동,411504343367,태평로145번길
3029,S0071356,아시안/양식,4115010100,경기도,의정부시,의정부동,\N,4115051000,의정부1동,411504343367,태평로145번길
3030,S0071357,아시안/양식,4115010100,경기도,의정부시,의정부동,\N,4115051000,의정부1동,411504343367,태평로145번길
3031,S0071364,한식,4115010100,경기도,의정부시,의정부동,\N,4115051000,의정부1동,411503181060,시민로
3032,S0071365,한식,4115010100,경기도,의정부시,의정부동,\N,4115051000,의정부1동,411503181060,시민로
3033,S0071366,한식,4115010100,경기도,의정부시,의정부동,\N,4115051000,의정부1동,411503181060,시민로
3034,S0071367,한식,4115010100,경기도,의정부시,의정부동,\N,4115051000,의정부1동,411504343463,호국로1331번길
3035,S0071368,한식,4115010100,경기도,의정부시,의정부동,\N,4115051000,의정부1동,411504343463,호국로1331번길
3036,S0071369,한식,4115010100,경기도,의정부시,의정부동,\N,4115051000,의정부1동,411504343463,호국로1331번길
3037,S0071370,한식,4115010100,경기도,의정부시,의정부동,\N,4115051000,의정부1동,411504343463,호국로1331번길
3038,S0071375,배달전문업체,4115010100,경기도,의정부시,의정부동,\N,4115051000,의정부1동,411503215066,평화로
3039,S0071376,배달전문업체,4115010100,경기도,의정부시,의정부동,\N,4115051000,의정부1동,411503215066,평화로
3040,S0071377,배달전문업체,4115010100,경기도,의정부시,의정부동,\N,4115051000,의정부1동,411503215066,평화로
3041,S0071378,배달전문업체,4115010100,경기도,의정부시,의정부동,\N,4115051000,의정부1동,411503215066,평화로
3042,S0071379,배달전문업체,4115010100,경기도,의정부시,의정부동,\N,4115051000,의정부1동,411503215066,평화로
3043,S0071380,배달전문업체,4115010100,경기도,의정부시,의정부동,\N,4115051000,의정부1동,411503215066,평화로
3044,S0071381,배달전문업체,4115010100,경기도,의정부시,의정부동,\N,4115051000,의정부1동,411503215066,평화로
3045,S0071382,배달전문업체,4115010100,경기도,의정부시,의정부동,\N,4115051000,의정부1동,411503215066,평화로
3046,S0071383,배달전문업체,4115010100,경기도,의정부시,의정부동,\N,4115051000,의정부1동,411503215066,평화로
3047,S0071384,배달전문업체,4115010100,경기도,의정부시,의정부동,\N,4115051000,의정부1동,411503215066,평화로
3048,S0071385,피자,4115010100,경기도,의정부시,의정부동,\N,4115051000,의정부1동,411503215066,평화로
3049,S0071386,피자,4115010100,경기도,의정부시,의정부동,\N,4115051000,의정부1동,411503215066,평화로
3050,S0071387,피자,4115010100,경기도,의정부시,의정부동,\N,4115051000,의정부1동,411503215066,평화로
3051,S0071388,피자,4115010100,경기도,의정부시,의정부동,\N,4115051000,의정부1동,411503215066,평화로
3052,S0071389,피자,4115010100,경기도,의정부시,의정부동,\N,4115051000,의정부1동,411503215066,평화로
3053,S0071390,피자,4115010100,경기도,의정부시,의정부동,\N,4115051000,의정부1동,411503215066,평화로
3054,S0071391,피자,4115010100,경기도,의정부시,의정부동,\N,4115051000,의정부1동,411503215066,평화로
3055,S0071392,피자,4115010100,경기도,의정부시,의정부동,\N,4115051000,의정부1동,411503215066,평화로
3056,S0071393,피자,4115010100,경기도,의정부시,의정부동,\N,4115051000,의정부1동,411503215066,평화로
3057,S0071394,치킨,4115010100,경기도,의정부시,의정부동,\N,4115051000,의정부1동,411503181060,시민로
3058,S0071395,치킨,4115010100,경기도,의정부시,의정부동,\N,4115051000,의정부1동,411503181060,시민로
3059,S0071396,치킨,4115010100,경기도,의정부시,의정부동,\N,4115051000,의정부1동,411503181060,시민로
3060,S0071397,치킨,4115010100,경기도,의정부시,의정부동,\N,4115051000,의정부1동,411503181060,시민로
3061,S0071398,치킨,4115010100,경기도,의정부시,의정부동,\N,4115051000,의정부1동,411504343461,호국로1310번길
3062,S0071399,한식,4115010100,경기도,의정부시,의정부동,\N,4115052000,의정부2동,411504343452,호국로1267번길
3063,S0071400,카페/디저트,4115010100,경기도,의정부시,의정부동,\N,4115051000,의정부1동,411504343012,가능로135번길
3064,S0071401,돈까스/일식,4115010100,경기도,의정부시,의정부동,\N,4115051000,의정부1동,411504343459,호국로1298번길
3065,S0071402,돈까스/일식,4115010100,경기도,의정부시,의정부동,\N,4115051000,의정부1동,411504343459,호국로1298번길
3066,S0071403,돈까스/일식,4115010100,경기도,의정부시,의정부동,\N,4115051000,의정부1동,411504343459,호국로1298번길
3067,S0071404,돈까스/일식,4115010100,경기도,의정부시,의정부동,\N,4115051000,의정부1동,411504343459,호국로1298번길
3068,S0071405,야식,4115010100,경기도,의정부시,의정부동,\N,4115051000,의정부1동,411504343417,평화로552번길
3069,S0071406,분식,4115010100,경기도,의정부시,의정부동,\N,4115051000,의정부1동,411504343382,태평로73번길
3070,S0071407,분식,4115010100,경기도,의정부시,의정부동,\N,4115051000,의정부1동,411504343382,태평로73번길
3071,S0071408,분식,4115010100,경기도,의정부시,의정부동,\N,4115051000,의정부1동,411504343382,태평로73번길
3072,S0071409,분식,4115010100,경기도,의정부시,의정부동,\N,4115051000,의정부1동,411504343382,태평로73번길
3073,S0071410,한식,4115010100,경기도,의정부시,의정부동,\N,4115051000,의정부1동,411504343419,평화로562번길
3074,S0071411,한식,4115010100,경기도,의정부시,의정부동,\N,4115051000,의정부1동,411504343419,평화로562번길
3075,S0071412,한식,4115010100,경기도,의정부시,의정부동,\N,4115051000,의정부1동,411504343419,평화로562번길
3076,S0071413,야식,4115010100,경기도,의정부시,의정부동,\N,4115051000,의정부1동,411504343419,평화로562번길
3077,S0071414,치킨,4115010100,경기도,의정부시,의정부동,\N,4115052000,의정부2동,411503181010,둔야로
3078,S0071415,치킨,4115010100,경기도,의정부시,의정부동,\N,4115052000,의정부2동,411503181010,둔야로
3079,S0071416,치킨,4115010100,경기도,의정부시,의정부동,\N,4115052000,의정부2동,411503181010,둔야로
3080,S0071417,카페/디저트,4115010100,경기도,의정부시,의정부동,\N,4115052000,의정부2동,411504855276,범골로63번길
3081,S0071418,카페/디저트,4115010100,경기도,의정부시,의정부동,\N,4115052000,의정부2동,411504855276,범골로63번길
3082,S0071419,찜탕,4115010100,경기도,의정부시,의정부동,\N,4115052000,의정부2동,411503181060,시민로
3083,S0071421,회,4115010100,경기도,의정부시,의정부동,\N,4115052000,의정부2동,411503181004,경의로
3084,S0071422,회,4115010100,경기도,의정부시,의정부동,\N,4115052000,의정부2동,411503181004,경의로
3085,S0071423,회,4115010100,경기도,의정부시,의정부동,\N,4115052000,의정부2동,411503181004,경의로
3086,S0071424,회,4115010100,경기도,의정부시,의정부동,\N,4115052000,의정부2동,411503181004,경의로
3087,S0071432,도시락,4115010100,경기도,의정부시,의정부동,\N,4115052000,의정부2동,\N,\N
3088,S0071433,도시락,4115010100,경기도,의정부시,의정부동,\N,4115052000,의정부2동,\N,\N
3089,S0071434,도시락,4115010100,경기도,의정부시,의정부동,\N,4115052000,의정부2동,\N,\N
3090,S0071435,도시락,4115010100,경기도,의정부시,의정부동,\N,4115052000,의정부2동,\N,\N
3091,S0071436,도시락,4115010100,경기도,의정부시,의정부동,\N,4115052000,의정부2동,\N,\N
3092,S0071437,분식,4115010100,경기도,의정부시,의정부동,\N,4115052000,의정부2동,411503181010,둔야로
3093,S0071438,분식,4115010100,경기도,의정부시,의정부동,\N,4115052000,의정부2동,411503181010,둔야로
3094,S0071439,분식,4115010100,경기도,의정부시,의정부동,\N,4115052000,의정부2동,411504343114,둔야로17번길
3095,S0071440,분식,4115010100,경기도,의정부시,의정부동,\N,4115052000,의정부2동,411504343114,둔야로17번길
3096,S0071441,분식,4115010100,경기도,의정부시,의정부동,\N,4115052000,의정부2동,411504343114,둔야로17번길
3097,S0071442,분식,4115010100,경기도,의정부시,의정부동,\N,4115052000,의정부2동,411504343114,둔야로17번길
3098,S0071443,분식,4115010100,경기도,의정부시,의정부동,\N,4115052000,의정부2동,411504343114,둔야로17번길
3099,S0071444,찜탕,4115010100,경기도,의정부시,의정부동,\N,4115052000,의정부2동,411504343253,신흥로232번길
3100,S0071445,찜탕,4115010100,경기도,의정부시,의정부동,\N,4115052000,의정부2동,411504343253,신흥로232번길
3101,S0071446,야식,4115010100,경기도,의정부시,의정부동,\N,4115052000,의정부2동,411504343254,신흥로239번길
3102,S0071448,한식,4115010100,경기도,의정부시,의정부동,\N,4115052000,의정부2동,411503181017,범골로
3103,S0071449,한식,4115010100,경기도,의정부시,의정부동,\N,4115052000,의정부2동,411503181017,범골로
3104,S0071450,돈까스/일식,4115010100,경기도,의정부시,의정부동,\N,4115052000,의정부2동,411504343254,신흥로239번길
3105,S0071451,돈까스/일식,4115010100,경기도,의정부시,의정부동,\N,4115052000,의정부2동,411504343254,신흥로239번길
3106,S0071452,돈까스/일식,4115010100,경기도,의정부시,의정부동,\N,4115052000,의정부2동,411504343254,신흥로239번길
3107,S0071453,돈까스/일식,4115010100,경기도,의정부시,의정부동,\N,4115052000,의정부2동,411504343254,신흥로239번길
3108,S0071458,찜탕,4115010100,경기도,의정부시,의정부동,\N,4115052000,의정부2동,411503181017,범골로
3109,S0071459,찜탕,4115010100,경기도,의정부시,의정부동,\N,4115052000,의정부2동,411503181017,범골로
3110,S0071465,분식,4115010100,경기도,의정부시,의정부동,\N,4115052000,의정부2동,411503181060,시민로
3111,S0071466,분식,4115010100,경기도,의정부시,의정부동,\N,4115052000,의정부2동,411503181060,시민로
3112,S0071467,야식,4115010100,경기도,의정부시,의정부동,\N,4115052000,의정부2동,411504343117,둔야로45번길
3113,S0071468,돈까스/일식,4115010100,경기도,의정부시,의정부동,\N,4115052000,의정부2동,411504343114,둔야로17번길
3114,S0071469,카페/디저트,4115010100,경기도,의정부시,의정부동,\N,4115052000,의정부2동,411503181060,시민로
3115,S0071470,카페/디저트,4115010100,경기도,의정부시,의정부동,\N,4115052000,의정부2동,411503181060,시민로
3116,S0071473,카페/디저트,4115010100,경기도,의정부시,의정부동,\N,4115052000,의정부2동,411503181060,시민로
3117,S0071475,배달전문업체,4115010100,경기도,의정부시,의정부동,\N,4115052000,의정부2동,411504343156,범골로98번길
3118,S0071476,배달전문업체,4115010100,경기도,의정부시,의정부동,\N,4115052000,의정부2동,411504343156,범골로98번길
3119,S0071477,배달전문업체,4115010100,경기도,의정부시,의정부동,\N,4115052000,의정부2동,411504343156,범골로98번길
3120,S0071478,한식,4115010100,경기도,의정부시,의정부동,\N,4115052000,의정부2동,411504343121,둔야로5번길
3121,S0071479,한식,4115010100,경기도,의정부시,의정부동,\N,4115052000,의정부2동,411504343121,둔야로5번길
3122,S0071480,한식,4115011000,경기도,의정부시,가능동,\N,4115052000,의정부2동,411503181060,시민로
3123,S0071481,찜탕,4115010100,경기도,의정부시,의정부동,\N,4115052000,의정부2동,411503181010,둔야로
3124,S0071482,중식,4115010100,경기도,의정부시,의정부동,\N,4115052000,의정부2동,411503181010,둔야로
3125,S0071483,중식,4115010100,경기도,의정부시,의정부동,\N,4115052000,의정부2동,411503181010,둔야로
3126,S0071484,중식,4115010100,경기도,의정부시,의정부동,\N,4115052000,의정부2동,411503181010,둔야로
3127,S0071485,중식,4115010100,경기도,의정부시,의정부동,\N,4115052000,의정부2동,411503181010,둔야로
3128,S0071486,한식,4115010100,경기도,의정부시,의정부동,\N,4115052000,의정부2동,411504343254,신흥로239번길
3129,S0071487,아시안/양식,4115010100,경기도,의정부시,의정부동,\N,4115052000,의정부2동,411504343255,신흥로240번길
3130,S0071488,한식,4115010100,경기도,의정부시,의정부동,\N,4115052000,의정부2동,411504343147,범골로158번길
3131,S0071489,한식,4115010100,경기도,의정부시,의정부동,\N,4115052000,의정부2동,411504343147,범골로158번길
3132,S0071490,한식,4115010100,경기도,의정부시,의정부동,\N,4115052000,의정부2동,411504343147,범골로158번길
3133,S0071491,회,4115010100,경기도,의정부시,의정부동,\N,4115052000,의정부2동,411503181029,신흥로
3134,S0071495,한식,4115010100,경기도,의정부시,의정부동,\N,4115051000,의정부1동,411504343202,시민로156번길
3135,S0071498,치킨,4115010100,경기도,의정부시,의정부동,\N,4115051000,의정부1동,411504343199,시민로132번길
3136,S0071499,치킨,4115010100,경기도,의정부시,의정부동,\N,4115051000,의정부1동,411503215066,평화로
3137,S0071500,치킨,4115010100,경기도,의정부시,의정부동,\N,4115051000,의정부1동,411503215066,평화로
3138,S0071501,치킨,4115010100,경기도,의정부시,의정부동,\N,4115051000,의정부1동,411503215066,평화로
3139,S0071502,돈까스/일식,4115010100,경기도,의정부시,의정부동,\N,4115051000,의정부1동,411504343036,경의로117번길
3140,S0071503,한식,4115010100,경기도,의정부시,의정부동,\N,4115051000,의정부1동,411504343204,시민로158번길
3141,S0071504,한식,4115010100,경기도,의정부시,의정부동,\N,4115051000,의정부1동,411504343204,시민로158번길
3142,S0071505,한식,4115010100,경기도,의정부시,의정부동,\N,4115051000,의정부1동,411504343204,시민로158번길
3143,S0071507,카페/디저트,4115010100,경기도,의정부시,의정부동,\N,4115051000,의정부1동,411504343204,시민로158번길
3144,S0071508,카페/디저트,4115010100,경기도,의정부시,의정부동,\N,4115051000,의정부1동,411504343204,시민로158번길
3145,S0071509,찜탕,4115010400,경기도,의정부시,신곡동,\N,4115056800,신곡2동,411503181023,새말로
3149,S0071519,족발/보쌈,4115010400,경기도,의정부시,신곡동,\N,4115056700,신곡1동,411504343528,신곡로56번길
3150,S0071522,한식,4115010100,경기도,의정부시,의정부동,\N,4115052000,의정부2동,411504343452,호국로1267번길
3151,S0071523,한식,4115010100,경기도,의정부시,의정부동,\N,4115052000,의정부2동,411504343452,호국로1267번길
3161,S0071539,치킨,4115011000,경기도,의정부시,가능동,\N,4115059500,가능동,411503181037,의정로
3162,S0071540,치킨,4115011000,경기도,의정부시,가능동,\N,4115059500,가능동,411503181037,의정로
3163,S0071541,치킨,4115011000,경기도,의정부시,가능동,\N,4115059500,가능동,411503181037,의정로
3165,S0071551,한식,4115010100,경기도,의정부시,의정부동,\N,4115052000,의정부2동,411503181029,신흥로
3166,S0071552,한식,4115010100,경기도,의정부시,의정부동,\N,4115052000,의정부2동,411503181029,신흥로
3167,S0071553,한식,4115010100,경기도,의정부시,의정부동,\N,4115052000,의정부2동,411503181029,신흥로
3168,S0071555,족발/보쌈,4115010100,경기도,의정부시,의정부동,\N,4115051000,의정부1동,411504343018,가능로160번길
3169,S0071559,치킨,4115010300,경기도,의정부시,장암동,\N,4115056100,장암동,411503000001,동일로
3170,S0071562,패스트푸드,4115010400,경기도,의정부시,신곡동,\N,4115056700,신곡1동,411503000001,동일로
3171,S0071563,패스트푸드,4115010400,경기도,의정부시,신곡동,\N,4115056700,신곡1동,411503000001,동일로
3172,S0071564,한식,4115010300,경기도,의정부시,장암동,\N,4115056100,장암동,411504343491,회룡로192번길
3173,S0071565,한식,4115010300,경기도,의정부시,장암동,\N,4115056100,장암동,411504343491,회룡로192번길
3174,S0071566,치킨,4115010400,경기도,의정부시,신곡동,\N,4115056700,신곡1동,411504343093,동일로454번길
3175,S0071567,치킨,4115010400,경기도,의정부시,신곡동,\N,4115056700,신곡1동,411504343093,동일로454번길
3176,S0071568,찜탕,4115010400,경기도,의정부시,신곡동,\N,4115056700,신곡1동,411503181039,장곡로
3177,S0071569,족발/보쌈,4115010400,경기도,의정부시,신곡동,\N,4115056700,신곡1동,411503181039,장곡로
3178,S0071570,치킨,4115010400,경기도,의정부시,신곡동,\N,4115056700,신곡1동,411503000001,동일로
3179,S0071571,치킨,4115010400,경기도,의정부시,신곡동,\N,4115056700,신곡1동,411503000001,동일로
3183,S0071580,심부름,4115010400,경기도,의정부시,신곡동,\N,4115056700,신곡1동,411503181014,발곡로
3184,S0071581,심부름,4115010200,경기도,의정부시,호원동,\N,4115055500,호원2동,411503181034,외미로
3187,S0071587,심부름,4115010400,경기도,의정부시,신곡동,\N,4115056700,신곡1동,411503181060,시민로
3188,S0071588,심부름,4115010100,경기도,의정부시,의정부동,\N,4115052000,의정부2동,411504343263,신흥로329번길
3189,S0071589,심부름,4115010400,경기도,의정부시,신곡동,\N,4115056700,신곡1동,411503181060,시민로
3191,S0071591,심부름,4115010400,경기도,의정부시,신곡동,\N,4115056700,신곡1동,411503181060,시민로
3192,S0071592,심부름,4115010400,경기도,의정부시,신곡동,\N,4115056700,신곡1동,411503181060,시민로
3193,S0071594,심부름,4115010400,경기도,의정부시,신곡동,\N,4115056700,신곡1동,411503181060,시민로
3194,S0071597,심부름,4115010200,경기도,의정부시,호원동,\N,4115055500,호원2동,411503181034,외미로
3195,S0071598,심부름,4115010100,경기도,의정부시,의정부동,\N,4115051000,의정부1동,411504343203,시민로157번길
3196,S0071599,심부름,4115010100,경기도,의정부시,의정부동,\N,4115051000,의정부1동,411504343196,시민로121번길
3197,S0071600,심부름,4115010200,경기도,의정부시,호원동,\N,4115055500,호원2동,411503181034,외미로
3202,S0071606,심부름,4115010100,경기도,의정부시,의정부동,\N,4115051000,의정부1동,411504343196,시민로121번길
3203,S0071608,심부름,4115010100,경기도,의정부시,의정부동,\N,4115051000,의정부1동,411504343196,시민로121번길
3204,S0071610,심부름,4115010400,경기도,의정부시,신곡동,\N,4115056700,신곡1동,411503181060,시민로
3205,S0071611,심부름,4115010100,경기도,의정부시,의정부동,\N,4115051000,의정부1동,411503215066,평화로
3206,S0071612,심부름,4115010100,경기도,의정부시,의정부동,\N,4115051000,의정부1동,411504343203,시민로157번길
3207,S0071614,심부름,4115010400,경기도,의정부시,신곡동,\N,4115056700,신곡1동,411503181014,발곡로
3208,S0071621,심부름,4115010400,경기도,의정부시,신곡동,\N,4115056700,신곡1동,411503181060,시민로
3209,S0071622,심부름,4115010200,경기도,의정부시,호원동,\N,4115054500,호원1동,411503215066,평화로
3210,S0071623,심부름,4115010200,경기도,의정부시,호원동,\N,4115055500,호원2동,411503181034,외미로
3211,S0071625,심부름,4115010200,경기도,의정부시,호원동,\N,4115055500,호원2동,411503181034,외미로
3213,S0071627,심부름,4115010200,경기도,의정부시,호원동,\N,4115055500,호원2동,411503181034,외미로
3214,S0071628,심부름,4115010200,경기도,의정부시,호원동,\N,4115055500,호원2동,411503181034,외미로
3215,S0071630,심부름,4115010200,경기도,의정부시,호원동,\N,4115055500,호원2동,411503181034,외미로
3216,S0071631,심부름,4115010700,경기도,의정부시,낙양동,\N,4115057800,송산3동,411503181033,오목로
3217,S0071632,심부름,4115010700,경기도,의정부시,낙양동,\N,4115057800,송산3동,411503181033,오목로
3218,S0071633,심부름,4115010400,경기도,의정부시,신곡동,\N,4115056700,신곡1동,411503181014,발곡로
3219,S0071635,찜탕,4115011000,경기도,의정부시,가능동,\N,4115061500,흥선동,411504343120,둔야로58번길
3256,S0071694,분식,4115010100,경기도,의정부시,의정부동,\N,4115051000,의정부1동,411503181052,행복로
3257,S0071695,분식,4115010100,경기도,의정부시,의정부동,\N,4115051000,의정부1동,411503181052,행복로
3262,S0071708,한식,4115010400,경기도,의정부시,신곡동,\N,4115056800,신곡2동,411503181019,부용로
3266,S0071716,한식,4115010100,경기도,의정부시,의정부동,\N,4115051000,의정부1동,411504343415,평화로542번길
3267,S0071717,한식,4115010100,경기도,의정부시,의정부동,\N,4115051000,의정부1동,411504343415,평화로542번길
3268,S0071722,야식,4115010100,경기도,의정부시,의정부동,\N,4115051000,의정부1동,411504343370,태평로156번길
3269,S0071723,야식,4115010100,경기도,의정부시,의정부동,\N,4115051000,의정부1동,411504343370,태평로156번길
3270,S0071726,야식,4115010100,경기도,의정부시,의정부동,\N,4115051000,의정부1동,411504343370,태평로156번길
3271,S0071727,야식,4115010100,경기도,의정부시,의정부동,\N,4115051000,의정부1동,411504343370,태평로156번길
3272,S0071728,회,4115010100,경기도,의정부시,의정부동,\N,4115051000,의정부1동,411504343196,시민로121번길
3285,S0071774,아시안/양식,4115010100,경기도,의정부시,의정부동,\N,4115051000,의정부1동,411504343204,시민로158번길
3286,S0071775,아시안/양식,4115010100,경기도,의정부시,의정부동,\N,4115051000,의정부1동,411504343204,시민로158번길
3287,S0071776,아시안/양식,4115010100,경기도,의정부시,의정부동,\N,4115051000,의정부1동,411504343204,시민로158번길
3288,S0071778,분식,4115010900,경기도,의정부시,금오동,\N,4115058000,자금동,411503000136,호국로
3289,S0071779,분식,4115010900,경기도,의정부시,금오동,\N,4115058000,자금동,411503000136,호국로
3291,S0071792,중식,4115010100,경기도,의정부시,의정부동,\N,4115051000,의정부1동,411503181062,태평로
3294,S0071803,치킨,4115010900,경기도,의정부시,금오동,\N,4115058000,자금동,411503181047,청사로
3295,S0071804,치킨,4115010900,경기도,의정부시,금오동,\N,4115058000,자금동,411503181047,청사로
3306,S0071827,야식,4115010600,경기도,의정부시,민락동,\N,4115057600,송산2동,411504343295,용현로160번길
3310,S0071833,족발/보쌈,4115010100,경기도,의정부시,의정부동,\N,4115052000,의정부2동,411504343115,둔야로33번길
3311,S0071834,족발/보쌈,4115010100,경기도,의정부시,의정부동,\N,4115052000,의정부2동,411504343115,둔야로33번길
3312,S0071835,족발/보쌈,4115010100,경기도,의정부시,의정부동,\N,4115052000,의정부2동,411504343115,둔야로33번길
3314,S0071847,돈까스/일식,4115010100,경기도,의정부시,의정부동,\N,4115052000,의정부2동,411504343118,둔야로49번길
3315,S0071848,돈까스/일식,4115010100,경기도,의정부시,의정부동,\N,4115052000,의정부2동,411504343118,둔야로49번길
3316,S0071849,돈까스/일식,4115010100,경기도,의정부시,의정부동,\N,4115052000,의정부2동,411504343118,둔야로49번길
3317,S0071850,돈까스/일식,4115010100,경기도,의정부시,의정부동,\N,4115052000,의정부2동,411504343118,둔야로49번길
3319,S0071852,치킨,4115010100,경기도,의정부시,의정부동,\N,4115051000,의정부1동,411503181062,태평로
3320,S0071853,치킨,4115010100,경기도,의정부시,의정부동,\N,4115051000,의정부1동,411503181062,태평로
3321,S0071854,치킨,4115010100,경기도,의정부시,의정부동,\N,4115051000,의정부1동,411503181062,태평로
3322,S0071855,치킨,4115010100,경기도,의정부시,의정부동,\N,4115051000,의정부1동,411503181062,태평로
3324,S0071858,한식,4115010200,경기도,의정부시,호원동,\N,4115054500,호원1동,411503215066,평화로
3325,S0071859,치킨,4115010200,경기도,의정부시,호원동,\N,4115055500,호원2동,411504343487,회룡로105번길
3326,S0071860,중식,4115010200,경기도,의정부시,호원동,\N,4115055500,호원2동,411503181034,외미로
3327,S0071861,중식,4115010200,경기도,의정부시,호원동,\N,4115055500,호원2동,411503181034,외미로
3328,S0071862,중식,4115010200,경기도,의정부시,호원동,\N,4115055500,호원2동,411503181034,외미로
3329,S0071863,중식,4115010200,경기도,의정부시,호원동,\N,4115055500,호원2동,411503181034,외미로
3330,S0071864,중식,4115010200,경기도,의정부시,호원동,\N,4115055500,호원2동,411503181034,외미로
3331,S0071867,야식,4115010200,경기도,의정부시,호원동,\N,4115055500,호원2동,411503181053,호동로
3332,S0071868,치킨,4115010200,경기도,의정부시,호원동,\N,4115054500,호원1동,411504343390,평화로190번길
3333,S0071869,치킨,4115010200,경기도,의정부시,호원동,\N,4115054500,호원1동,411504343390,평화로190번길
3334,S0071880,돈까스/일식,4115010200,경기도,의정부시,호원동,\N,4115054500,호원1동,411503215066,평화로
3335,S0071881,돈까스/일식,4115010200,경기도,의정부시,호원동,\N,4115054500,호원1동,411503215066,평화로
3336,S0071884,야식,4115010200,경기도,의정부시,호원동,\N,4115055500,호원2동,411503181034,외미로
3337,S0071885,돈까스/일식,4115010200,경기도,의정부시,호원동,\N,4115054500,호원1동,411504343390,평화로190번길
3338,S0071886,한식,4115010200,경기도,의정부시,호원동,\N,4115055500,호원2동,411504343136,백석로52번길
3339,S0071892,야식,4115010200,경기도,의정부시,호원동,\N,4115055500,호원2동,411503181034,외미로
3340,S0071893,야식,4115010200,경기도,의정부시,호원동,\N,4115055500,호원2동,411503181034,외미로
3341,S0071895,족발/보쌈,4115010200,경기도,의정부시,호원동,\N,4115054500,호원1동,411503215066,평화로
3342,S0071896,치킨,4115010200,경기도,의정부시,호원동,\N,4115054500,호원1동,411503215066,평화로
3343,S0071897,치킨,4115010200,경기도,의정부시,호원동,\N,4115054500,호원1동,411503215066,평화로
3347,S0071924,야식,4115010200,경기도,의정부시,호원동,\N,4115055500,호원2동,411503181034,외미로
3348,S0071925,야식,4115010200,경기도,의정부시,호원동,\N,4115055500,호원2동,411503181034,외미로
3349,S0071928,분식,4115010200,경기도,의정부시,호원동,\N,4115055500,호원2동,411503181055,회룡로
3350,S0071929,분식,4115010200,경기도,의정부시,호원동,\N,4115055500,호원2동,411503181055,회룡로
3351,S0071930,분식,4115010200,경기도,의정부시,호원동,\N,4115055500,호원2동,411503181055,회룡로
3352,S0071931,분식,4115010200,경기도,의정부시,호원동,\N,4115055500,호원2동,411503181055,회룡로
3353,S0071932,분식,4115010200,경기도,의정부시,호원동,\N,4115055500,호원2동,411503181055,회룡로
3354,S0071933,분식,4115010200,경기도,의정부시,호원동,\N,4115055500,호원2동,411503181055,회룡로
3355,S0071934,분식,4115010200,경기도,의정부시,호원동,\N,4115055500,호원2동,411503181055,회룡로
3356,S0071935,분식,4115010200,경기도,의정부시,호원동,\N,4115055500,호원2동,411503181055,회룡로
3357,S0071936,한식,4115010200,경기도,의정부시,호원동,\N,4115055500,호원2동,411503181034,외미로
3358,S0071937,한식,4115010200,경기도,의정부시,호원동,\N,4115055500,호원2동,411503181034,외미로
3359,S0071938,족발/보쌈,4115010200,경기도,의정부시,호원동,\N,4115055500,호원2동,411504343487,회룡로105번길
3360,S0071939,족발/보쌈,4115010200,경기도,의정부시,호원동,\N,4115055500,호원2동,411504343487,회룡로105번길
3361,S0071940,족발/보쌈,4115010200,경기도,의정부시,호원동,\N,4115055500,호원2동,411504343487,회룡로105번길
3362,S0071941,족발/보쌈,4115010200,경기도,의정부시,호원동,\N,4115055500,호원2동,411504343487,회룡로105번길
3363,S0071942,족발/보쌈,4115010200,경기도,의정부시,호원동,\N,4115055500,호원2동,411504343487,회룡로105번길
3364,S0071943,족발/보쌈,4115010200,경기도,의정부시,호원동,\N,4115055500,호원2동,411504343487,회룡로105번길
3365,S0071945,중식,4115010200,경기도,의정부시,호원동,\N,4115055500,호원2동,411503215066,평화로
3366,S0071946,중식,4115010200,경기도,의정부시,호원동,\N,4115055500,호원2동,411503215066,평화로
3367,S0071947,중식,4115010200,경기도,의정부시,호원동,\N,4115055500,호원2동,411503215066,평화로
3368,S0071948,중식,4115010200,경기도,의정부시,호원동,\N,4115055500,호원2동,411503215066,평화로
3369,S0071949,족발/보쌈,4115010200,경기도,의정부시,호원동,\N,4115055500,호원2동,411503181034,외미로
3370,S0071950,한식,4115010200,경기도,의정부시,호원동,\N,4115055500,호원2동,411503215066,평화로
3371,S0071951,한식,4115010200,경기도,의정부시,호원동,\N,4115055500,호원2동,411503215066,평화로
3372,S0071952,한식,4115010200,경기도,의정부시,호원동,\N,4115055500,호원2동,411503215066,평화로
3373,S0071953,한식,4115010200,경기도,의정부시,호원동,\N,4115055500,호원2동,411503215066,평화로
3374,S0071954,한식,4115010200,경기도,의정부시,호원동,\N,4115055500,호원2동,411503215066,평화로
3375,S0071955,한식,4115010200,경기도,의정부시,호원동,\N,4115055500,호원2동,411503215066,평화로
3376,S0071957,패스트푸드,4115010200,경기도,의정부시,호원동,\N,4115055500,호원2동,411503181034,외미로
